Workbook

Sheet FULL
A1: № | B1: MFO | C1: BXM | D1: Joylashgan joyi | E1: Bankomat turi | F1: Bankomat modeli | G1: Holati | H1: Servis | I1: Servis to‘lovi | J1: Seriya raqami | K1: Inventar raqami | L1: Yuridik manzili | M1: Merchant ID | N1: Terminal ID | O1: 2026 Yanvar | P1: 2026 Fevral | Q1: 2026 Mart | R1: 2026 Aprel | S1: 2026 May | T1: 2026 Iyun | U1: 2026 Iyul | V1: 2026 avgust | W1: 2026 sentabr | X1: 2026 oktabr | Y1: 2026 noyabr | Z1: 2026 dekabr | AA1: Jami | AB1: 23510 | AC1: 45265 | AD1: Sotib olingan sana | AE1: Sotib olingan qiymat
A2: 1 | B2: 11278 | C2: Buxoro | D2: BXM 24/7 | E2: Uzcard | F2: NCR6622 | G2: Soz | J2: 13-55551694 | K2: 00111-1718 | L2: Buxoro shahar Ibrohim Mo'minov ko'chasi 29/1 uy | M2: 901115126 | N2: 15897 | O2: =VLOOKUP(N2,Uzcard!C:P,4,0) -> 8094.65 | P2: =VLOOKUP(N2,Uzcard!C:P,6,0) -> 6413.9 | Q2: =VLOOKUP(N2,Uzcard!C:P,8,0) -> 10669.95 | R2: =VLOOKUP(N2,Uzcard!C:P,10,0) -> 7487.35 | S2: =VLOOKUP(N2,Uzcard!C:P,12,0) -> 12007.15 | T2: =VLOOKUP(N2,Uzcard!C:P,14,0) -> 8432.75 | U2: =IFERROR(VLOOKUP(N2,'2026 iyul uzcard'!A:D,3,0),"0")/1000 -> 6616.4 | AA2: =+SUM(O2:Z2) -> 59722.15 | AD2: 26.07.2018 | AE2: 1.0650721e+08
A3: 2 | B3: 11278 | C3: Buxoro | D3: BXM 24/7 | E3: Uzcard | F3: NCR6622 | G3: Nosoz | J3: 94-55605813 | K3: 00111-1828 | L3: Buxoro shahar Ibrohim Mo'minov ko'chasi 29/1 uy | M3: 901120490 | N3: 21411 | O3: =VLOOKUP(N3,Uzcard!C:P,4,0) -> 0 | P3: =VLOOKUP(N3,Uzcard!C:P,6,0) -> 0 | Q3: =VLOOKUP(N3,Uzcard!C:P,8,0) -> 0 | R3: =VLOOKUP(N3,Uzcard!C:P,10,0) -> 0 | S3: =VLOOKUP(N3,Uzcard!C:P,12,0) -> 0 | T3: =VLOOKUP(N3,Uzcard!C:P,14,0) -> 0 | U3: =IFERROR(VLOOKUP(N3,'2026 iyul uzcard'!A:D,3,0),"0")/1000 -> 0 | AA3: =+SUM(O3:Z3) -> 0 | AD3: 20.03.2019 | AE3: 1.0045819e+08
A4: 3 | B4: 11278 | C4: Buxoro | D4: BXM 24/7 | E4: Humo | F4: GRG | G4: Soz | H4: Glob | I4: 1848 | J4: 1108457422 | K4: 00111-3205 | L4: Buxoro shahar Ibrohim Mo'minov ko'chasi 29/1 uy | M4: 001110000011113 | N4: 157A0AK3 | O4: =VLOOKUP(N4,Humo!C:P,4,0) -> 7871.2 | P4: =VLOOKUP(N4,Humo!C:P,6,0) -> 7654 | Q4: =VLOOKUP(N4,Humo!C:P,8,0) -> 9045.1 | R4: =VLOOKUP(N4,Humo!C:P,10,0) -> 7816.1 | S4: =VLOOKUP(N4,Humo!C:P,12,0) -> 7770.9 | T4: =VLOOKUP(N4,Humo!C:P,14,0) -> 6855.7 | U4: =IFERROR(VLOOKUP(N4,'2026 iyul humo'!A:D,4,0),"0")/1000 -> 4233 | AA4: =+SUM(O4:Z4) -> 51246 | AD4: 12.02.2021 | AE4: 168243023
A5: 4 | B5: 11278 | C5: Buxoro | D5: BXM 24/7 | E5: Uzcard | F5: Hyusong | G5: Soz | H5: Btech | I5: 1128.7 | J5: YS45403483 | K5: 0000000110521 | L5: Buxoro shahar Ibrohim Mo'minov ko'chasi 29/1 uy | M5: 90110038049 | N5: 39945 | O5: =VLOOKUP(N5,Uzcard!C:P,4,0) -> 0 | P5: =VLOOKUP(N5,Uzcard!C:P,6,0) -> 0 | Q5: =VLOOKUP(N5,Uzcard!C:P,8,0) -> 0 | R5: =VLOOKUP(N5,Uzcard!C:P,10,0) -> 0 | S5: =VLOOKUP(N5,Uzcard!C:P,12,0) -> 0 | T5: =VLOOKUP(N5,Uzcard!C:P,14,0) -> 368 | U5: =IFERROR(VLOOKUP(N5,'2026 iyul uzcard'!A:D,3,0),"0")/1000 -> 3937.55 | AA5: =+SUM(O5:Z5) -> 4305.55 | AD5: 25.05.2026 | AE5: 362504800
A6: 5 | B6: 11278 | C6: Buxoro | D6: G'ijduvon tuman | E6: Uzcard | F6: NCR6623 | G6: Soz | H6: Btech | I6: 1128.7 | J6: 13-57828653 | K6: 00111-2649 | L6: G'ijduvon tuman Y.Hamadoniy ko'chasi 101 uy | M6: 901120485 | N6: 21378 | O6: =VLOOKUP(N6,Uzcard!C:P,4,0) -> 15166.55 | P6: =VLOOKUP(N6,Uzcard!C:P,6,0) -> 11555.45 | Q6: =VLOOKUP(N6,Uzcard!C:P,8,0) -> 23330.95 | R6: =VLOOKUP(N6,Uzcard!C:P,10,0) -> 14936.2 | S6: =VLOOKUP(N6,Uzcard!C:P,12,0) -> 20702.1 | T6: =VLOOKUP(N6,Uzcard!C:P,14,0) -> 19757.15 | U6: =IFERROR(VLOOKUP(N6,'2026 iyul uzcard'!A:D,3,0),"0")/1000 -> 10909.4 | AA6: =+SUM(O6:Z6) -> 116357.8 | AD6: 21.05.2020 | AE6: 131315497
A7: 6 | B7: 11278 | C7: Buxoro | D7: G'ijduvon tuman | E7: Humo | F7: NCR6623 | G7: Soz | H7: Glob | I7: 1848 | J7: 94-58406995 | K7: 00111-3402 | L7: G'ijduvon tuman Y.Hamadoniy ko'chasi 101 uy | M7: 00111000001111K | N7: 157A0C0U | O7: =VLOOKUP(N7,Humo!C:P,4,0) -> 3039.6 | P7: =VLOOKUP(N7,Humo!C:P,6,0) -> 7755.6 | Q7: =VLOOKUP(N7,Humo!C:P,8,0) -> 11574.2 | R7: =VLOOKUP(N7,Humo!C:P,10,0) -> 5240.3 | S7: =VLOOKUP(N7,Humo!C:P,12,0) -> 12583.5 | T7: =VLOOKUP(N7,Humo!C:P,14,0) -> 15923 | U7: =IFERROR(VLOOKUP(N7,'2026 iyul humo'!A:D,4,0),"0")/1000 -> 12575.4 | AA7: =+SUM(O7:Z7) -> 68691.6 | AD7: 27.08.2021 | AE7: 105827950
A8: 7 | B8: 11278 | C8: Buxoro | D8: G'ijduvon tuman | E8: Humo | F8: NCR6623 | G8: Soz | H8: Glob | I8: 1848 | J8: 94-58406990 | K8: 00446/492816-2 | L8: G'ijduvon tuman Degrezon ko'chasi | M8: 00111000004461U | N8: 1570000E | O8: =VLOOKUP(N8,Humo!C:P,4,0) -> 8943.3 | P8: =VLOOKUP(N8,Humo!C:P,6,0) -> 6374.4 | Q8: =VLOOKUP(N8,Humo!C:P,8,0) -> 10319.1 | R8: =VLOOKUP(N8,Humo!C:P,10,0) -> 5161.6 | S8: =VLOOKUP(N8,Humo!C:P,12,0) -> 1333 | T8: =VLOOKUP(N8,Humo!C:P,14,0) -> 8969.6 | U8: =IFERROR(VLOOKUP(N8,'2026 iyul humo'!A:D,4,0),"0")/1000 -> 8537.35 | AA8: =+SUM(O8:Z8) -> 49638.35 | AD8: 11.08.2021 | AE8: 105827950
A9: 8 | B9: 11278 | C9: Buxoro | D9: G'ijduvon tuman | E9: Humo | F9: Diebold | G9: Soz | H9: Glob | I9: 1848 | J9: 5310177380 | K9: 00111-1947 | L9: G'ijduvon tuman Degrezon ko'chasi | M9: 001110000044620 | N9: 1570001V | O9: =VLOOKUP(N9,Humo!C:P,4,0) -> 0 | P9: =VLOOKUP(N9,Humo!C:P,6,0) -> 0 | Q9: =VLOOKUP(N9,Humo!C:P,8,0) -> 0 | R9: =VLOOKUP(N9,Humo!C:P,10,0) -> 0 | S9: =VLOOKUP(N9,Humo!C:P,12,0) -> 0 | T9: =VLOOKUP(N9,Humo!C:P,14,0) -> 1188.5 | U9: =IFERROR(VLOOKUP(N9,'2026 iyul humo'!A:D,4,0),"0")/1000 -> 2915.05 | AA9: =+SUM(O9:Z9) -> 4103.55 | AD9: 23.12.2019 | AE9: 62805331
A10: 9 | B10: 11278 | C10: Buxoro | D10: Kogon BXO | E10: Uzcard | F10: NCR6623 | G10: Soz | H10: Btech | I10: 1128.7 | J10: 13-57828718 | K10: 00111-2650 | L10: Kogon shahar Buxoroshox ko'chasi 23 A uy | M10: 901120416 | N10: 21302 | O10: =VLOOKUP(N10,Uzcard!C:P,4,0) -> 5307.05 | P10: =VLOOKUP(N10,Uzcard!C:P,6,0) -> 13533.35 | Q10: =VLOOKUP(N10,Uzcard!C:P,8,0) -> 9512.45 | R10: =VLOOKUP(N10,Uzcard!C:P,10,0) -> 10363.25 | S10: =VLOOKUP(N10,Uzcard!C:P,12,0) -> 13863.75 | T10: =VLOOKUP(N10,Uzcard!C:P,14,0) -> 13463.25 | U10: =IFERROR(VLOOKUP(N10,'2026 iyul uzcard'!A:D,3,0),"0")/1000 -> 13053.9 | AA10: =+SUM(O10:Z10) -> 79097 | AD10: 21.05.2020 | AE10: 131315497
A11: 10 | B11: 11278 | C11: Buxoro | D11: Kogon BXO | E11: Humo | F11: Diebold | G11: Soz | H11: Glob | I11: 1848 | J11: 5310177914 | K11: 00111-2034 | L11: Kogon shahar Buxoroshox ko'chasi 23 A uy | M11: 00111000001110С | N11: 157A062W | O11: =VLOOKUP(N11,Humo!C:P,4,0) -> 4161.9 | P11: =VLOOKUP(N11,Humo!C:P,6,0) -> 1753.7 | Q11: =VLOOKUP(N11,Humo!C:P,8,0) -> 9448.4 | R11: =VLOOKUP(N11,Humo!C:P,10,0) -> 5956.7 | S11: =VLOOKUP(N11,Humo!C:P,12,0) -> 7364.9 | T11: =VLOOKUP(N11,Humo!C:P,14,0) -> 7388.8 | U11: =IFERROR(VLOOKUP(N11,'2026 iyul humo'!A:D,4,0),"0")/1000 -> 4481.05 | AA11: =+SUM(O11:Z11) -> 40555.45 | AD11: 30.12.2019 | AE11: 62805331
A12: 11 | B12: 11278 | C12: Buxoro | D12: Qorako'l BXO | E12: Uzcard | F12: NCR6623 | G12: Soz | H12: Btech | I12: 1128.7 | J12: 13-57828663 | K12: 00111-2651 | L12: Qorako'l tuman Ulug'bek ko'chasi | M12: 901120491 | N12: 22691 | O12: =VLOOKUP(N12,Uzcard!C:P,4,0) -> 11883.95 | P12: =VLOOKUP(N12,Uzcard!C:P,6,0) -> 5415.95 | Q12: =VLOOKUP(N12,Uzcard!C:P,8,0) -> 5479.65 | R12: =VLOOKUP(N12,Uzcard!C:P,10,0) -> 9428 | S12: =VLOOKUP(N12,Uzcard!C:P,12,0) -> 16711.8 | T12: =VLOOKUP(N12,Uzcard!C:P,14,0) -> 13744.4 | U12: =IFERROR(VLOOKUP(N12,'2026 iyul uzcard'!A:D,3,0),"0")/1000 -> 4932.3 | AA12: =+SUM(O12:Z12) -> 67596.05 | AD12: 21.05.2020 | AE12: 131315497
A13: 12 | B13: 11278 | C13: Buxoro | D13: Qorako'l BXO | E13: Humo | F13: Diebold | G13: Soz | H13: Glob | I13: 1848 | J13: 5310178092 | K13: 2020-8 | L13: Qorako'l tuman Ulug'bek ko'chasi | M13: 00111000001111E | N13: 157A0B8L | O13: =VLOOKUP(N13,Humo!C:P,4,0) -> 3257.8 | P13: =VLOOKUP(N13,Humo!C:P,6,0) -> 4775.4 | Q13: =VLOOKUP(N13,Humo!C:P,8,0) -> 8800.5 | R13: =VLOOKUP(N13,Humo!C:P,10,0) -> 0 | S13: =VLOOKUP(N13,Humo!C:P,12,0) -> 0 | T13: =VLOOKUP(N13,Humo!C:P,14,0) -> 3905.6 | U13: =IFERROR(VLOOKUP(N13,'2026 iyul humo'!A:D,4,0),"0")/1000 -> 4229.15 | AA13: =+SUM(O13:Z13) -> 24968.45 | AD13: 25.05.2020 | AE13: 62805331
A14: 13 | B14: 11278 | C14: Buxoro | D14: Eski shahar | E14: Uzcard | F14: NCR6623 | G14: Soz | H14: Btech | I14: 1128.7 | J14: 13-59981127 | K14: 00111-3400 | L14: Buxoro shahar Haqiqat ko'chasi 9 uy | M14: 901124759 | N14: 25781 | O14: =VLOOKUP(N14,Uzcard!C:P,4,0) -> 598.2 | P14: =VLOOKUP(N14,Uzcard!C:P,6,0) -> 1606.45 | Q14: =VLOOKUP(N14,Uzcard!C:P,8,0) -> 5281.85 | R14: =VLOOKUP(N14,Uzcard!C:P,10,0) -> 9270.85 | S14: =VLOOKUP(N14,Uzcard!C:P,12,0) -> 9646.05 | T14: =VLOOKUP(N14,Uzcard!C:P,14,0) -> 4789.35 | U14: =IFERROR(VLOOKUP(N14,'2026 iyul uzcard'!A:D,3,0),"0")/1000 -> 3606.75 | AA14: =+SUM(O14:Z14) -> 34799.5 | AD14: 27.08.2021 | AE14: 144808312
A15: 14 | B15: 11278 | C15: Buxoro | D15: Guliver | E15: Uzcard | F15: NCR6622 | G15: Soz | J15: 94-55605803 | K15: 00111-1829 | L15: Buxoro shahar Piridastgir ko'chasi 5 A uy | M15: 901117504 | N15: 18327 | O15: =VLOOKUP(N15,Uzcard!C:P,4,0) -> 7029.55 | P15: =VLOOKUP(N15,Uzcard!C:P,6,0) -> 4062.75 | Q15: =VLOOKUP(N15,Uzcard!C:P,8,0) -> 8155.2 | R15: =VLOOKUP(N15,Uzcard!C:P,10,0) -> 4131.2 | S15: =VLOOKUP(N15,Uzcard!C:P,12,0) -> 11999.6 | T15: =VLOOKUP(N15,Uzcard!C:P,14,0) -> 11420.05 | U15: =IFERROR(VLOOKUP(N15,'2026 iyul uzcard'!A:D,3,0),"0")/1000 -> 9304.3 | AA15: =+SUM(O15:Z15) -> 56102.65 | AD15: 20.03.2019 | AE15: 1.0045819e+08
A16: 15 | B16: 11278 | C16: Buxoro | D16: Guliver | E16: Humo | F16: NCR6623 | G16: Soz | H16: Glob | I16: 1848 | J16: 94-58406997 | K16: 00111-3401 | L16: Buxoro shahar S Murodov ko'chasi | M16: 00111000001111L | N16: 157A0C0V | O16: =VLOOKUP(N16,Humo!C:P,4,0) -> 1923.7 | P16: =VLOOKUP(N16,Humo!C:P,6,0) -> 2416.6 | Q16: =VLOOKUP(N16,Humo!C:P,8,0) -> 3752.7 | R16: =VLOOKUP(N16,Humo!C:P,10,0) -> 3321.7 | S16: =VLOOKUP(N16,Humo!C:P,12,0) -> 3826 | T16: =VLOOKUP(N16,Humo!C:P,14,0) -> 0 | U16: =IFERROR(VLOOKUP(N16,'2026 iyul humo'!A:D,4,0),"0")/1000 -> 0 | AA16: =+SUM(O16:Z16) -> 15240.7 | AD16: 27.08.2021 | AE16: 105827950
A17: 16 | B17: 11278 | C17: Buxoro | D17: Zarmanoq | E17: Humo | F17: Diebold | G17: Soz | H17: Glob | I17: 1848 | J17: 5310177340 | K17: 00111-3330 | L17: Buxoro tuman Zarmanoq mfy | M17: 00111000001111F | N17: 157A0B8M | O17: =VLOOKUP(N17,Humo!C:P,4,0) -> 3087.4 | P17: =VLOOKUP(N17,Humo!C:P,6,0) -> 2820.6 | Q17: =VLOOKUP(N17,Humo!C:P,8,0) -> 3433.4 | R17: =VLOOKUP(N17,Humo!C:P,10,0) -> 2753.9 | S17: =VLOOKUP(N17,Humo!C:P,12,0) -> 3378.3 | T17: =VLOOKUP(N17,Humo!C:P,14,0) -> 2326.8 | U17: =IFERROR(VLOOKUP(N17,'2026 iyul humo'!A:D,4,0),"0")/1000 -> 3302.1 | AA17: =+SUM(O17:Z17) -> 21102.5 | AD17: 20.12.2019 | AE17: 62805331
A18: 17 | B18: 11278 | C18: Buxoro | D18: Omborda | E18: Uzcard | F18: NCR6622 | G18: Nosoz | J18: 94-55605803 | K18: 00111-1827 | L18: Buxoro shahar Ibrohim Mo'minov ko'chasi 29/1 uy | M18: 901117296 | N18: 18114 | O18: =VLOOKUP(N18,Uzcard!C:P,4,0) -> 0 | P18: =VLOOKUP(N18,Uzcard!C:P,6,0) -> 0 | Q18: =VLOOKUP(N18,Uzcard!C:P,8,0) -> 0 | R18: =VLOOKUP(N18,Uzcard!C:P,10,0) -> 0 | S18: =VLOOKUP(N18,Uzcard!C:P,12,0) -> 0 | T18: =VLOOKUP(N18,Uzcard!C:P,14,0) -> 0 | U18: =IFERROR(VLOOKUP(N18,'2026 iyul uzcard'!A:D,3,0),"0")/1000 -> 0 | AA18: =+SUM(O18:Z18) -> 0 | AD18: 20.03.2019 | AE18: 1.0045819e+08
A19: 18 | B19: 11278 | C19: Buxoro | D19: Omborda | E19: Humo | F19: Diebold | G19: Soz | H19: Glob | I19: 1848 | J19: 5310177323 | K19: 00111-1946 | L19: Buxoro shahar Ibrohim Mo'minov ko'chasi 29/1 uy | M19: 00111000001110A | N19: 157A05DK | O19: =VLOOKUP(N19,Humo!C:P,4,0) -> 0 | P19: =VLOOKUP(N19,Humo!C:P,6,0) -> 0 | Q19: =VLOOKUP(N19,Humo!C:P,8,0) -> 0 | R19: =VLOOKUP(N19,Humo!C:P,10,0) -> 0 | S19: =VLOOKUP(N19,Humo!C:P,12,0) -> 0 | T19: =VLOOKUP(N19,Humo!C:P,14,0) -> 0 | U19: =IFERROR(VLOOKUP(N19,'2026 iyul humo'!A:D,4,0),"0")/1000 -> 0 | AA19: =+SUM(O19:Z19) -> 0 | AD19: 23.12.2019 | AE19: 62805331
A20: 19 | B20: 11278 | C20: Buxoro | D20: Omborda | E20: Humo | F20: Diebold | G20: Nosoz | J20: 5310177420 | K20: 00111-1948 | L20: Buxoro shahar Ibrohim Mo'minov ko'chasi 29/1 uy | M20: 001110000011109 | N20: 157A05DJ | O20: =VLOOKUP(N20,Humo!C:P,4,0) -> 0 | P20: =VLOOKUP(N20,Humo!C:P,6,0) -> 0 | Q20: =VLOOKUP(N20,Humo!C:P,8,0) -> 0 | R20: =VLOOKUP(N20,Humo!C:P,10,0) -> 0 | S20: =VLOOKUP(N20,Humo!C:P,12,0) -> 0 | T20: =VLOOKUP(N20,Humo!C:P,14,0) -> 0 | U20: =IFERROR(VLOOKUP(N20,'2026 iyul humo'!A:D,4,0),"0")/1000 -> 0 | AA20: =+SUM(O20:Z20) -> 0 | AD20: 23.12.2019 | AE20: 62805331
A21: 20 | B21: 11278 | C21: Buxoro | D21: Omborda | E21: Vash | F21: Tactilion | G21: Nosoz | J21: 218258 | K21: 00111-1737 | L21: Buxoro shahar Haqiqat ko'chasi 9 uy | M21: TBATM010 | N21: TBATM010 | O21: =IFERROR(VLOOKUP(N21,'2026 yanvar vash'!A:D,4,0),"0")/1000 -> 0 | P21: =IFERROR(VLOOKUP(N21,'2026 fevral vash'!A:D,4,0),"0")/1000 -> 0 | Q21: =IFERROR(VLOOKUP(N21,'2026 mart vash'!A:D,4,0),"0")/1000 -> 0 | R21: =IFERROR(VLOOKUP(N21,'2026 aprel vash'!A:D,4,0),"0")/1000 -> 0 | S21: =IFERROR(VLOOKUP(N21,'2026 may vash'!A:D,4,0),"0")/1000 -> 0 | T21: =IFERROR(VLOOKUP(N21,'2026 iyun vash'!A:D,4,0),"0")/1000 -> 0 | U21: =IFERROR(VLOOKUP(N21,'2026 iyul vash'!A:D,4,0),"0")/1000 -> 0 | AA21: =+SUM(O21:Z21) -> 0 | AD21: 03.11.2018 | AE21: 1.7190484e+08
A22: 21 | B22: 11278 | C22: Buxoro | D22: Omborda | E22: Vash | F22: Tactilion | G22: Nosoz | J22: 318258 | K22: 00111-1738 | L22: Buxoro shahar Ibrohim Mo'minov ko'chasi 29/1 uy | M22: TBATM009 | N22: TBATM009 | O22: =IFERROR(VLOOKUP(N22,'2026 yanvar vash'!A:D,4,0),"0")/1000 -> 214.1 | P22: =IFERROR(VLOOKUP(N22,'2026 fevral vash'!A:D,4,0),"0")/1000 -> 221.43 | Q22: =IFERROR(VLOOKUP(N22,'2026 mart vash'!A:D,4,0),"0")/1000 -> 396.71 | R22: =IFERROR(VLOOKUP(N22,'2026 aprel vash'!A:D,4,0),"0")/1000 -> 129.4 | S22: =IFERROR(VLOOKUP(N22,'2026 may vash'!A:D,4,0),"0")/1000 -> 0 | T22: =IFERROR(VLOOKUP(N22,'2026 iyun vash'!A:D,4,0),"0")/1000 -> 0 | U22: =IFERROR(VLOOKUP(N22,'2026 iyul vash'!A:D,4,0),"0")/1000 -> 0 | AA22: =+SUM(O22:Z22) -> 961.64 | AD22: 03.11.2018 | AE22: 1.7190484e+08
A23: 22 | B23: 11279 | C23: Qarshi | D23: BXM 24/7 | E23: Uzcard | F23: NCR6623 | G23: Soz | H23: Btech | I23: 1128.7 | J23: 13-57828669 | K23: 00192/1801/49 | L23: Qarshi shahar Komilon ko'chasi 28-A uy | M23: 901120268 | N23: 21147 | O23: =VLOOKUP(N23,Uzcard!C:P,4,0) -> 8328.15 | P23: =VLOOKUP(N23,Uzcard!C:P,6,0) -> 9282.4 | Q23: =VLOOKUP(N23,Uzcard!C:P,8,0) -> 12993.5 | R23: =VLOOKUP(N23,Uzcard!C:P,10,0) -> 8168.7 | S23: =VLOOKUP(N23,Uzcard!C:P,12,0) -> 13880.2 | T23: =VLOOKUP(N23,Uzcard!C:P,14,0) -> 13885.55 | U23: =IFERROR(VLOOKUP(N23,'2026 iyul uzcard'!A:D,3,0),"0")/1000 -> 7930.65 | AA23: =+SUM(O23:Z23) -> 74469.15 | AD23: 23.08.2021 | AE23: 105827950
A24: 23 | B24: 11279 | C24: Qarshi | D24: BXM 24/7 | E24: Humo | F24: Diebold | G24: Soz | H24: Glob | I24: 1848 | J24: 5310177426 | K24: 00192/2005 | L24: Qarshi shahar Komilon ko'chasi 28-A uy | M24: 1920000019202 | N24: 157A05AT | O24: =VLOOKUP(N24,Humo!C:P,4,0) -> 7537.35 | P24: =VLOOKUP(N24,Humo!C:P,6,0) -> 4656.95 | Q24: =VLOOKUP(N24,Humo!C:P,8,0) -> 11734.75 | R24: =VLOOKUP(N24,Humo!C:P,10,0) -> 7659.5 | S24: =VLOOKUP(N24,Humo!C:P,12,0) -> 5598.8 | T24: =VLOOKUP(N24,Humo!C:P,14,0) -> 9881.8 | U24: =IFERROR(VLOOKUP(N24,'2026 iyul humo'!A:D,4,0),"0")/1000 -> 4313.85 | AA24: =+SUM(O24:Z24) -> 51383 | AD24: 27.12.2019 | AE24: 62805331
A25: 24 | B25: 11279 | C25: Qarshi | D25: BXM 24/7 | E25: Humo | F25: GRG | G25: Soz | H25: Glob | I25: 1848 | J25: 1108457423 | K25: 00192/1658 | L25: Qarshi shahar Komilon ko'chasi 28-A uy | M25: 00192000001920T | N25: 157A0AKF | O25: =VLOOKUP(N25,Humo!C:P,4,0) -> 2072.8 | P25: =VLOOKUP(N25,Humo!C:P,6,0) -> 443.3 | Q25: =VLOOKUP(N25,Humo!C:P,8,0) -> 65.3 | R25: =VLOOKUP(N25,Humo!C:P,10,0) -> 4 | S25: =VLOOKUP(N25,Humo!C:P,12,0) -> 2.8 | T25: =VLOOKUP(N25,Humo!C:P,14,0) -> 1011.1 | U25: =IFERROR(VLOOKUP(N25,'2026 iyul humo'!A:D,4,0),"0")/1000 -> 2940.55 | AA25: =+SUM(O25:Z25) -> 6539.85 | AD25: 18.03.2021 | AE25: 168243023
A26: 25 | B26: 11279 | C26: Qarshi | D26: BXM 24/7 | E26: Vash | F26: Tactilion | G26: Nosoz | J26: 518258 | K26: 00192/1803/1 | L26: Qarshi shahar Komilon ko'chasi 28-A uy | M26: TBATM011 | N26: TBATM011 | O26: =IFERROR(VLOOKUP(N26,'2026 yanvar vash'!A:D,4,0),"0")/1000 -> 77 | P26: =IFERROR(VLOOKUP(N26,'2026 fevral vash'!A:D,4,0),"0")/1000 -> 200.31 | Q26: =IFERROR(VLOOKUP(N26,'2026 mart vash'!A:D,4,0),"0")/1000 -> 53.35 | R26: =IFERROR(VLOOKUP(N26,'2026 aprel vash'!A:D,4,0),"0")/1000 -> 37.75 | S26: =IFERROR(VLOOKUP(N26,'2026 may vash'!A:D,4,0),"0")/1000 -> 44.65 | T26: =IFERROR(VLOOKUP(N26,'2026 iyun vash'!A:D,4,0),"0")/1000 -> 71.7 | U26: =IFERROR(VLOOKUP(N26,'2026 iyul vash'!A:D,4,0),"0")/1000 -> 10.2 | AA26: =+SUM(O26:Z26) -> 494.96 | AD26: 29.12.2018 | AE26: 1.7190484e+08
A27: 26 | B27: 11279 | C27: Qarshi | D27: BXM 24/7 | E27: Uzcard | F27: Hyusong | G27: Soz | H27: Btech | I27: 1128.7 | J27: YS45403348 | K27: 0000000110561 | L27: Qarshi shahar Komilon ko'chasi 28-A uy | M27: 90110038101 | N27: 39996 | O27: =VLOOKUP(N27,Uzcard!C:P,4,0) -> 0 | P27: =VLOOKUP(N27,Uzcard!C:P,6,0) -> 0 | Q27: =VLOOKUP(N27,Uzcard!C:P,8,0) -> 0 | R27: =VLOOKUP(N27,Uzcard!C:P,10,0) -> 0 | S27: =VLOOKUP(N27,Uzcard!C:P,12,0) -> 0 | T27: =VLOOKUP(N27,Uzcard!C:P,14,0) -> 98.9 | U27: =IFERROR(VLOOKUP(N27,'2026 iyul uzcard'!A:D,3,0),"0")/1000 -> 8298.7 | AA27: =+SUM(O27:Z27) -> 8397.6 | AD27: 25.05.2026 | AE27: 362504800
A28: 27 | B28: 11279 | C28: Qarshi | D28: Mirishkor BXO | E28: Humo | F28: Diebold | G28: Soz | H28: Glob | I28: 1848 | J28: 5310177307 | K28: 00192/2006 | L28: Mirishkor tumani А.Temur ko'chasi 6-uy | M28: 1920000019203 | N28: 157A05AU | O28: =VLOOKUP(N28,Humo!C:P,4,0) -> 6531.9 | P28: =VLOOKUP(N28,Humo!C:P,6,0) -> 5552.9 | Q28: =VLOOKUP(N28,Humo!C:P,8,0) -> 4773.6 | R28: =VLOOKUP(N28,Humo!C:P,10,0) -> 2988.8 | S28: =VLOOKUP(N28,Humo!C:P,12,0) -> 5269.2 | T28: =VLOOKUP(N28,Humo!C:P,14,0) -> 6496.1 | U28: =IFERROR(VLOOKUP(N28,'2026 iyul humo'!A:D,4,0),"0")/1000 -> 5795.15 | AA28: =+SUM(O28:Z28) -> 37407.65 | AD28: 27.12.2019 | AE28: 62805331
A29: 28 | B29: 11279 | C29: Qarshi | D29: Mirishkor BXO | E29: Uzcard | F29: NCR6623 | G29: Soz | H29: Btech | I29: 1128.7 | J29: 13-57828652 | K29: 00192/1803 | L29: Mirishkor tumani А.Temur ko'chasi 6-uy | M29: 901120269 | N29: 21148 | O29: =VLOOKUP(N29,Uzcard!C:P,4,0) -> 10431.25 | P29: =VLOOKUP(N29,Uzcard!C:P,6,0) -> 3957.8 | Q29: =VLOOKUP(N29,Uzcard!C:P,8,0) -> 9524.45 | R29: =VLOOKUP(N29,Uzcard!C:P,10,0) -> 5606.7 | S29: =VLOOKUP(N29,Uzcard!C:P,12,0) -> 7576.95 | T29: =VLOOKUP(N29,Uzcard!C:P,14,0) -> 12446.85 | U29: =IFERROR(VLOOKUP(N29,'2026 iyul uzcard'!A:D,3,0),"0")/1000 -> 7735.95 | AA29: =+SUM(O29:Z29) -> 57279.95 | AD29: 23.08.2021 | AE29: 105827950
A30: 29 | B30: 11279 | C30: Qarshi | D30: Kompleks market BXO | E30: Uzcard | F30: NCR6623 | G30: Soz | H30: Btech | I30: 1128.7 | J30: 13-57828679 | K30: 00192/1800/1 | L30: Qarshi shahar Islom karimov ko'chasi 13-uy | M30: 901120413 | N30: 21299 | O30: =VLOOKUP(N30,Uzcard!C:P,4,0) -> 3312.45 | P30: =VLOOKUP(N30,Uzcard!C:P,6,0) -> 860.5 | Q30: =VLOOKUP(N30,Uzcard!C:P,8,0) -> 6031.6 | R30: =VLOOKUP(N30,Uzcard!C:P,10,0) -> 4090.6 | S30: =VLOOKUP(N30,Uzcard!C:P,12,0) -> 2636.25 | T30: =VLOOKUP(N30,Uzcard!C:P,14,0) -> 5893.85 | U30: =IFERROR(VLOOKUP(N30,'2026 iyul uzcard'!A:D,3,0),"0")/1000 -> 5587.85 | AA30: =+SUM(O30:Z30) -> 28413.1 | AD30: 23.08.2021 | AE30: 144808312
A31: 30 | B31: 11279 | C31: Qarshi | D31: Kompleks market BXO | E31: Uzcard | F31: NCR6622 | G31: Soz | J31: 13-54969410 | K31: 00192/1902_15959213 | L31: Qarshi shahar Islom karimov ko'chasi 13-uy | M31: 901119583 | N31: 20437 | O31: =VLOOKUP(N31,Uzcard!C:P,4,0) -> 111.9 | P31: =VLOOKUP(N31,Uzcard!C:P,6,0) -> 673.15 | Q31: =VLOOKUP(N31,Uzcard!C:P,8,0) -> 142 | R31: =VLOOKUP(N31,Uzcard!C:P,10,0) -> 76 | S31: =VLOOKUP(N31,Uzcard!C:P,12,0) -> 0 | T31: =VLOOKUP(N31,Uzcard!C:P,14,0) -> 0 | U31: =IFERROR(VLOOKUP(N31,'2026 iyul uzcard'!A:D,3,0),"0")/1000 -> 0 | AA31: =+SUM(O31:Z31) -> 1003.05 | AD31: 03.10.2019 | AE31: 1.0045819e+08
A32: 31 | B32: 11279 | C32: Qarshi | D32: Kompleks market BXO | E32: Humo | F32: Diebold | G32: Soz | H32: Glob | I32: 1848 | J32: 5310178048 | K32: 00192/2510 | L32: Qarshi shahar Islom karimov ko'chasi 13-uy | M32: 00192000001920A | N32: 157A05ZE | O32: =VLOOKUP(N32,Humo!C:P,4,0) -> 4673 | P32: =VLOOKUP(N32,Humo!C:P,6,0) -> 2775 | Q32: =VLOOKUP(N32,Humo!C:P,8,0) -> 59.8 | R32: =VLOOKUP(N32,Humo!C:P,10,0) -> 0 | S32: =VLOOKUP(N32,Humo!C:P,12,0) -> 2959.3 | T32: =VLOOKUP(N32,Humo!C:P,14,0) -> 6250 | U32: =IFERROR(VLOOKUP(N32,'2026 iyul humo'!A:D,4,0),"0")/1000 -> 4918.1 | AA32: =+SUM(O32:Z32) -> 21635.2 | AD32: 03.04.2020 | AE32: 63098416
A33: 32 | B33: 11279 | C33: Qarshi | D33: Farhod BXO | E33: Uzcard | F33: NCR6623 | G33: Soz | H33: Btech | I33: 1128.7 | J33: 13-59981121 | K33: 00192/1369/2 | L33: Qarshi shahar Farhod bozori | M33: 901124848 | N33: 25873 | O33: =VLOOKUP(N33,Uzcard!C:P,4,0) -> 6075.75 | P33: =VLOOKUP(N33,Uzcard!C:P,6,0) -> 5033.15 | Q33: =VLOOKUP(N33,Uzcard!C:P,8,0) -> 4296 | R33: =VLOOKUP(N33,Uzcard!C:P,10,0) -> 6955.25 | S33: =VLOOKUP(N33,Uzcard!C:P,12,0) -> 9526.4 | T33: =VLOOKUP(N33,Uzcard!C:P,14,0) -> 11652.1 | U33: =IFERROR(VLOOKUP(N33,'2026 iyul uzcard'!A:D,3,0),"0")/1000 -> 7859.75 | AA33: =+SUM(O33:Z33) -> 51398.4 | AD33: 14.07.2020 | AE33: 131315497
A34: 33 | B34: 11279 | C34: Qarshi | D34: Farhod BXO | E34: Humo | F34: NCR6623 | G34: Soz | H34: Glob | I34: 1848 | J34: 94-58406979 | K34: 00192/1370/1 | L34: Qarshi shahar Farhod bozori | M34: 001920000019210 | N34: 157A0C29 | O34: =VLOOKUP(N34,Humo!C:P,4,0) -> 1722.8 | P34: =VLOOKUP(N34,Humo!C:P,6,0) -> 2093.8 | Q34: =VLOOKUP(N34,Humo!C:P,8,0) -> 5989.6 | R34: =VLOOKUP(N34,Humo!C:P,10,0) -> 1329.7 | S34: =VLOOKUP(N34,Humo!C:P,12,0) -> 287.9 | T34: =VLOOKUP(N34,Humo!C:P,14,0) -> 2679.2 | U34: =IFERROR(VLOOKUP(N34,'2026 iyul humo'!A:D,4,0),"0")/1000 -> 2701.85 | AA34: =+SUM(O34:Z34) -> 16804.85 | AD34: 14.07.2020 | AE34: 131315497
A35: 34 | B35: 11279 | C35: Qarshi | D35: Koson | E35: Vash | F35: Tactilion | G35: Nosoz | J35: 219339 | K35: 00192/2511 | L35: Koson tumani Navbahor MFY Sh. Rashidov ko'chasi | M35: TBATM035 | N35: TBATM035 | O35: =IFERROR(VLOOKUP(N35,'2026 yanvar vash'!A:D,4,0),"0")/1000 -> 0.1 | P35: =IFERROR(VLOOKUP(N35,'2026 fevral vash'!A:D,4,0),"0")/1000 -> 0.01 | Q35: =IFERROR(VLOOKUP(N35,'2026 mart vash'!A:D,4,0),"0")/1000 -> 11.98 | R35: =IFERROR(VLOOKUP(N35,'2026 aprel vash'!A:D,4,0),"0")/1000 -> 13.95 | S35: =IFERROR(VLOOKUP(N35,'2026 may vash'!A:D,4,0),"0")/1000 -> 0 | T35: =IFERROR(VLOOKUP(N35,'2026 iyun vash'!A:D,4,0),"0")/1000 -> 0 | U35: =IFERROR(VLOOKUP(N35,'2026 iyul vash'!A:D,4,0),"0")/1000 -> 0 | AA35: =+SUM(O35:Z35) -> 26.04 | AD35: 03.04.2020 | AE35: 2.1655729e+08
A36: 35 | B36: 11279 | C36: Qarshi | D36: Koson | E36: Humo | F36: Diebold | G36: Soz | H36: Glob | I36: 1848 | J36: 5310181402 | K36: 00192/2513 | L36: Koson tumani Navbahor MFY Sh. Rashidov ko'chasi | M36: 00192000001920T | N36: 157A06XF | O36: =VLOOKUP(N36,Humo!C:P,4,0) -> 8689.6 | P36: =VLOOKUP(N36,Humo!C:P,6,0) -> 9488.4 | Q36: =VLOOKUP(N36,Humo!C:P,8,0) -> 10797.9 | R36: =VLOOKUP(N36,Humo!C:P,10,0) -> 6312.3 | S36: =VLOOKUP(N36,Humo!C:P,12,0) -> 11552.1 | T36: =VLOOKUP(N36,Humo!C:P,14,0) -> 10590.2 | U36: =IFERROR(VLOOKUP(N36,'2026 iyul humo'!A:D,4,0),"0")/1000 -> 6910.8 | AA36: =+SUM(O36:Z36) -> 64341.3 | AD36: 03.04.2020 | AE36: 62805331
A37: 36 | B37: 11279 | C37: Qarshi | D37: Javohir medical klinikasi | E37: Uzcard | F37: NCR6623 | G37: Soz | H37: Btech | I37: 1128.7 | J37: 13-57828650 | K37: 00192/1371 | L37: Qarshi shahar Xontepa MFY Burgut ko'chasi | M37: 901120414 | N37: 21300 | O37: =VLOOKUP(N37,Uzcard!C:P,4,0) -> 4411.8 | P37: =VLOOKUP(N37,Uzcard!C:P,6,0) -> 3688.9 | Q37: =VLOOKUP(N37,Uzcard!C:P,8,0) -> 5358.5 | R37: =VLOOKUP(N37,Uzcard!C:P,10,0) -> 5633.9 | S37: =VLOOKUP(N37,Uzcard!C:P,12,0) -> 6650.35 | T37: =VLOOKUP(N37,Uzcard!C:P,14,0) -> 7674.35 | U37: =IFERROR(VLOOKUP(N37,'2026 iyul uzcard'!A:D,3,0),"0")/1000 -> 3829.6 | AA37: =+SUM(O37:Z37) -> 37247.4 | AD37: 14.07.2020 | AE37: 131315497
A38: 37 | B38: 11279 | C38: Qarshi | D38: Omborda | E38: Uzcard | F38: NCR6622 | G38: Nosoz | J38: 13-55551783 | K38: 00192/1525/1 | L38: Qarshi shahar Komilon ko'chasi 28-A uy | M38: 901115134 | N38: 15903 | O38: =VLOOKUP(N38,Uzcard!C:P,4,0) -> 2623.625 | P38: =VLOOKUP(N38,Uzcard!C:P,6,0) -> 2456.6 | Q38: =VLOOKUP(N38,Uzcard!C:P,8,0) -> 26.5 | R38: =VLOOKUP(N38,Uzcard!C:P,10,0) -> 0 | S38: =VLOOKUP(N38,Uzcard!C:P,12,0) -> 0 | T38: =VLOOKUP(N38,Uzcard!C:P,14,0) -> 0 | U38: =IFERROR(VLOOKUP(N38,'2026 iyul uzcard'!A:D,3,0),"0")/1000 -> 0 | AA38: =+SUM(O38:Z38) -> 5106.725 | AD38: 28.08.2018 | AE38: 1.0650721e+08
A39: 38 | B39: 11279 | C39: Qarshi | D39: Omborda | E39: Uzcard | F39: NCR6622 | G39: Nosoz | J39: 94-55605796 | K39: 00192/1784/1 | L39: Qarshi shahri Nasaf ko'chasi Grand savdo do'koni oldida | M39: 901117251 | N39: 18057 | O39: =VLOOKUP(N39,Uzcard!C:P,4,0) -> 0.1 | P39: =VLOOKUP(N39,Uzcard!C:P,6,0) -> 0 | Q39: =VLOOKUP(N39,Uzcard!C:P,8,0) -> 0 | R39: =VLOOKUP(N39,Uzcard!C:P,10,0) -> 0 | S39: =VLOOKUP(N39,Uzcard!C:P,12,0) -> 0 | T39: =VLOOKUP(N39,Uzcard!C:P,14,0) -> 0 | U39: =IFERROR(VLOOKUP(N39,'2026 iyul uzcard'!A:D,3,0),"0")/1000 -> 0 | AA39: =+SUM(O39:Z39) -> 0.1 | AD39: 20.07.2018 | AE39: 1.0650721e+08
A40: 39 | B40: 11279 | C40: Qarshi | D40: Omborda | E40: Humo | F40: NCR6623 | G40: Nosoz | H40: Glob | I40: 1848 | J40: 94-58406999 | K40: 00192/1372 | L40: Qarshi shahri Nasaf ko'chasi Grand savdo do'koni oldida | M40: 001920000019211 | N40: 157A0C8M | O40: =VLOOKUP(N40,Humo!C:P,4,0) -> 1333.7 | P40: =VLOOKUP(N40,Humo!C:P,6,0) -> 2.3 | Q40: =VLOOKUP(N40,Humo!C:P,8,0) -> 244.6 | R40: =VLOOKUP(N40,Humo!C:P,10,0) -> 0 | S40: =VLOOKUP(N40,Humo!C:P,12,0) -> 0 | T40: =VLOOKUP(N40,Humo!C:P,14,0) -> 0 | U40: =IFERROR(VLOOKUP(N40,'2026 iyul humo'!A:D,4,0),"0")/1000 -> 0 | AA40: =+SUM(O40:Z40) -> 1580.6 | AD40: 14.07.2020 | AE40: 131315497
A41: 40 | B41: 11280 | C41: Navoiy | D41: BXM 24/7 | E41: Uzcard | F41: NCR6623 | G41: Soz | H41: Btech | I41: 1128.7 | J41: 13-59981035 | K41: 00200-1559-69 | L41: Nav. Sh. M.Tarobiy 55t uy (BXM yangi binosi yonida) | M41: 901125342 | N41: 26393 | O41: =VLOOKUP(N41,Uzcard!C:P,4,0) -> 12216.45 | P41: =VLOOKUP(N41,Uzcard!C:P,6,0) -> 9184.7 | Q41: =VLOOKUP(N41,Uzcard!C:P,8,0) -> 10002.2 | R41: =VLOOKUP(N41,Uzcard!C:P,10,0) -> 5541.9 | S41: =VLOOKUP(N41,Uzcard!C:P,12,0) -> 7621.9 | T41: =VLOOKUP(N41,Uzcard!C:P,14,0) -> 3442.45 | U41: =IFERROR(VLOOKUP(N41,'2026 iyul uzcard'!A:D,3,0),"0")/1000 -> 10670.55 | AA41: =+SUM(O41:Z41) -> 58680.15 | AD41: 23.08.2021 | AE41: 144808312
A42: 41 | B42: 11280 | C42: Navoiy | D42: BXM 24/7 | E42: Humo | F42: Diebold | G42: Soz | H42: Glob | I42: 1848 | J42: 5310177311 | K42: 626/2020 | L42: Nav. Sh. M.Tarobiy 55t uy (BXM yangi binosi yonida) | M42: 00200000002000C | N42: 157A05AP | O42: =VLOOKUP(N42,Humo!C:P,4,0) -> 671.55 | P42: =VLOOKUP(N42,Humo!C:P,6,0) -> 4655.15 | Q42: =VLOOKUP(N42,Humo!C:P,8,0) -> 4679.6 | R42: =VLOOKUP(N42,Humo!C:P,10,0) -> 2177.4 | S42: =VLOOKUP(N42,Humo!C:P,12,0) -> 4641.6 | T42: =VLOOKUP(N42,Humo!C:P,14,0) -> 3029.35 | U42: =IFERROR(VLOOKUP(N42,'2026 iyul humo'!A:D,4,0),"0")/1000 -> 3566.3 | AA42: =+SUM(O42:Z42) -> 23420.95 | AD42: 29.01.2020 | AE42: 62805331
A43: 42 | B43: 11280 | C43: Navoiy | D43: BXM 24/7 | E43: Humo | F43: GRG | G43: Soz | H43: Glob | I43: 1848 | J43: 1108457438 | K43: 00200-1499 | L43: Nav. Sh. M.Tarobiy 55t uy (BXM yangi binosi yonida) | M43: 002000000020013 | N43: 157A0AK4 | O43: =VLOOKUP(N43,Humo!C:P,4,0) -> 0 | P43: =VLOOKUP(N43,Humo!C:P,6,0) -> 1530.1 | Q43: =VLOOKUP(N43,Humo!C:P,8,0) -> 2182.9 | R43: =VLOOKUP(N43,Humo!C:P,10,0) -> 2625.8 | S43: =VLOOKUP(N43,Humo!C:P,12,0) -> 2799.9 | T43: =VLOOKUP(N43,Humo!C:P,14,0) -> 3703.3 | U43: =IFERROR(VLOOKUP(N43,'2026 iyul humo'!A:D,4,0),"0")/1000 -> 15124.4 | AA43: =+SUM(O43:Z43) -> 27966.4 | AD43: 30.04.2021 | AE43: 168243023
A44: 43 | B44: 11280 | C44: Navoiy | D44: BXM 24/7 | E44: Vash | F44: Tactilion | G44: Nosoz | J44: 2118258 | K44: 004465728 | L44: Nav. Sh. M.Tarobiy 55t uy (BXM yangi binosi yonida) | M44: TBATM070 | N44: TBATM070 | O44: =IFERROR(VLOOKUP(N44,'2026 yanvar vash'!A:D,4,0),"0")/1000 -> 0 | P44: =IFERROR(VLOOKUP(N44,'2026 fevral vash'!A:D,4,0),"0")/1000 -> 0 | Q44: =IFERROR(VLOOKUP(N44,'2026 mart vash'!A:D,4,0),"0")/1000 -> 0 | R44: =IFERROR(VLOOKUP(N44,'2026 aprel vash'!A:D,4,0),"0")/1000 -> 0 | S44: =IFERROR(VLOOKUP(N44,'2026 may vash'!A:D,4,0),"0")/1000 -> 0 | T44: =IFERROR(VLOOKUP(N44,'2026 iyun vash'!A:D,4,0),"0")/1000 -> 0 | U44: =IFERROR(VLOOKUP(N44,'2026 iyul vash'!A:D,4,0),"0")/1000 -> 0 | AA44: =+SUM(O44:Z44) -> 0 | AD44: 11.10.2018 | AE44: 1.7190484e+08
A45: 44 | B45: 11280 | C45: Navoiy | D45: BXM 24/7 | E45: Uzcard | F45: Hyusong | G45: Soz | H45: Btech | I45: 1128.7 | J45: YS45403342 | K45: 0000000110571 | L45: Nav. Sh. M.Tarobiy 55t uy (BXM yangi binosi yonida) | M45: 90110038090 | N45: 39977 | O45: =VLOOKUP(N45,Uzcard!C:P,4,0) -> 0 | P45: =VLOOKUP(N45,Uzcard!C:P,6,0) -> 0 | Q45: =VLOOKUP(N45,Uzcard!C:P,8,0) -> 0 | R45: =VLOOKUP(N45,Uzcard!C:P,10,0) -> 0 | S45: =VLOOKUP(N45,Uzcard!C:P,12,0) -> 0 | T45: =VLOOKUP(N45,Uzcard!C:P,14,0) -> 0 | U45: =IFERROR(VLOOKUP(N45,'2026 iyul uzcard'!A:D,3,0),"0")/1000 -> 1832.5 | AA45: =+SUM(O45:Z45) -> 1832.5 | AD45: 25.05.2026 | AE45: 362504800
A46: 45 | B46: 11280 | C46: Navoiy | D46: Eski BXM 24/7 | E46: Uzcard | F46: NCR6622 | G46: Soz | J46: 13-52882246 | K46: 00200-4000-28 | L46: Nav. Sh. Nizomiy 28 (Eski Turonbank binosi yonida) | M46: 901114200 | N46: 14996 | O46: =VLOOKUP(N46,Uzcard!C:P,4,0) -> 8058.1 | P46: =VLOOKUP(N46,Uzcard!C:P,6,0) -> 7549.2 | Q46: =VLOOKUP(N46,Uzcard!C:P,8,0) -> 11970.45 | R46: =VLOOKUP(N46,Uzcard!C:P,10,0) -> 7201 | S46: =VLOOKUP(N46,Uzcard!C:P,12,0) -> 6064.05 | T46: =VLOOKUP(N46,Uzcard!C:P,14,0) -> 8281.45 | U46: =IFERROR(VLOOKUP(N46,'2026 iyul uzcard'!A:D,3,0),"0")/1000 -> 8914.35 | AA46: =+SUM(O46:Z46) -> 58038.6 | AD46: 15.05.2018 | AE46: 1.0831914e+08
A47: 46 | B47: 11280 | C47: Navoiy | D47: Eski BXM 24/7 | E47: Humo | F47: Diebold | G47: Soz | H47: Glob | I47: 1848 | J47: 5310177925 | K47: 625/2020 | L47: Nav. Sh. Nizomiy 28 (Eski Turonbank binosi yonida) | M47: 00200000002000G | N47: 157A05YD | O47: =VLOOKUP(N47,Humo!C:P,4,0) -> 2077.6 | P47: =VLOOKUP(N47,Humo!C:P,6,0) -> 2159.5 | Q47: =VLOOKUP(N47,Humo!C:P,8,0) -> 4776.6 | R47: =VLOOKUP(N47,Humo!C:P,10,0) -> 2548.2 | S47: =VLOOKUP(N47,Humo!C:P,12,0) -> 4761.2 | T47: =VLOOKUP(N47,Humo!C:P,14,0) -> 2699.9 | U47: =IFERROR(VLOOKUP(N47,'2026 iyul humo'!A:D,4,0),"0")/1000 -> 1920.6 | AA47: =+SUM(O47:Z47) -> 20943.6 | AD47: 29.01.2020 | AE47: 62805331
A48: 47 | B48: 11280 | C48: Navoiy | D48: Eski BXM 24/7 | E48: Humo | F48: NCR6623 | G48: Soz | H48: Glob | I48: 1848 | J48: 94-58406994 | K48: 002002369-21 | L48: Nav. Sh. Nizomiy 28 (Eski Turonbank binosi yonida) | M48: 00200000002001M | N48: 157A0DOC | O48: =VLOOKUP(N48,Humo!C:P,4,0) -> 11568.1 | P48: =VLOOKUP(N48,Humo!C:P,6,0) -> 11892 | Q48: =VLOOKUP(N48,Humo!C:P,8,0) -> 9695.6 | R48: =VLOOKUP(N48,Humo!C:P,10,0) -> 7634.7 | S48: =VLOOKUP(N48,Humo!C:P,12,0) -> 13685.8 | T48: =VLOOKUP(N48,Humo!C:P,14,0) -> 13797.7 | U48: =IFERROR(VLOOKUP(N48,'2026 iyul humo'!A:D,4,0),"0")/1000 -> 18811.75 | AA48: =+SUM(O48:Z48) -> 87085.65 | AD48: 16.08.2022 | AE48: 105827950
A49: 48 | B49: 11280 | C49: Navoiy | D49: Eski BXM 24/7 | E49: Vash | F49: Tactilion | G49: Nosoz | J49: 718258 | K49: 00200-456-024 | L49: Nav. Sh. Nizomiy 28 (Eski Turonbank binosi yonida) | M49: TBATM014 | N49: TBATM014 | O49: =IFERROR(VLOOKUP(N49,'2026 yanvar vash'!A:D,4,0),"0")/1000 -> 0 | P49: =IFERROR(VLOOKUP(N49,'2026 fevral vash'!A:D,4,0),"0")/1000 -> 0 | Q49: =IFERROR(VLOOKUP(N49,'2026 mart vash'!A:D,4,0),"0")/1000 -> 0 | R49: =IFERROR(VLOOKUP(N49,'2026 aprel vash'!A:D,4,0),"0")/1000 -> 0 | S49: =IFERROR(VLOOKUP(N49,'2026 may vash'!A:D,4,0),"0")/1000 -> 0 | T49: =IFERROR(VLOOKUP(N49,'2026 iyun vash'!A:D,4,0),"0")/1000 -> 0 | U49: =IFERROR(VLOOKUP(N49,'2026 iyul vash'!A:D,4,0),"0")/1000 -> 0 | AA49: =+SUM(O49:Z49) -> 0 | AD49: 31.10.2018 | AE49: 1.7190484e+08
A50: 49 | B50: 11280 | C50: Navoiy | D50: Navbahor BXO | E50: Uzcard | F50: NCR6623 | G50: Soz | H50: Btech | I50: 1128.7 | J50: 13-57828715 | K50: 00200-792-042-02 | L50: Navbahor tumani Kelachi MFY A.Navoiy ko'chasi | M50: 901120495 | N50: 21376 | O50: =VLOOKUP(N50,Uzcard!C:P,4,0) -> 22640.3 | P50: =VLOOKUP(N50,Uzcard!C:P,6,0) -> 20593.35 | Q50: =VLOOKUP(N50,Uzcard!C:P,8,0) -> 24149.8 | R50: =VLOOKUP(N50,Uzcard!C:P,10,0) -> 11887.7 | S50: =VLOOKUP(N50,Uzcard!C:P,12,0) -> 24677.25 | T50: =VLOOKUP(N50,Uzcard!C:P,14,0) -> 28410.65 | U50: =IFERROR(VLOOKUP(N50,'2026 iyul uzcard'!A:D,3,0),"0")/1000 -> 32592.5 | AA50: =+SUM(O50:Z50) -> 164951.55 | AD50: 26.05.2020 | AE50: 131315497
A51: 50 | B51: 11280 | C51: Navoiy | D51: Navbahor BXO | E51: Humo | F51: NCR6623 | G51: Soz | H51: Glob | I51: 1848 | J51: 94-58407002 | K51: 00200-1555-66 | L51: Navbahor tumani Kelachi MFY A.Navoiy ko'chasi | M51: 00200000002001J | N51: 157A0BZ6 | O51: =VLOOKUP(N51,Humo!C:P,4,0) -> 9806 | P51: =VLOOKUP(N51,Humo!C:P,6,0) -> 8613.9 | Q51: =VLOOKUP(N51,Humo!C:P,8,0) -> 11088.2 | R51: =VLOOKUP(N51,Humo!C:P,10,0) -> 10329.1 | S51: =VLOOKUP(N51,Humo!C:P,12,0) -> 20231.5 | T51: =VLOOKUP(N51,Humo!C:P,14,0) -> 15909.6 | U51: =IFERROR(VLOOKUP(N51,'2026 iyul humo'!A:D,4,0),"0")/1000 -> 21016.2 | AA51: =+SUM(O51:Z51) -> 96994.5 | AD51: 23.08.2021 | AE51: 105827950
A52: 51 | B52: 11280 | C52: Navoiy | D52: Navbahor BXO | E52: Uzcard | F52: NCR6623 | G52: Soz | J52: 94-58406974 | K52: 002002369-29 | L52: Navbahor tumani Kelachi MFY A.Navoiy ko'chasi | M52: 901126642 | N52: 27732 | O52: =VLOOKUP(N52,Uzcard!C:P,4,0) -> 13152.5 | P52: =VLOOKUP(N52,Uzcard!C:P,6,0) -> 13897.7 | Q52: =VLOOKUP(N52,Uzcard!C:P,8,0) -> 11837.25 | R52: =VLOOKUP(N52,Uzcard!C:P,10,0) -> 11698.1 | S52: =VLOOKUP(N52,Uzcard!C:P,12,0) -> 17963.25 | T52: =VLOOKUP(N52,Uzcard!C:P,14,0) -> 9374.55 | U52: =IFERROR(VLOOKUP(N52,'2026 iyul uzcard'!A:D,3,0),"0")/1000 -> 1111.5 | AA52: =+SUM(O52:Z52) -> 79034.85 | AD52: 16.08.2022 | AE52: 105827950
A53: 52 | B53: 11280 | C53: Navoiy | D53: Xatirchi BXO | E53: Uzcard | F53: NCR6623 | G53: Soz | H53: Btech | I53: 1128.7 | J53: 13-57828683 | K53: 00200-793-014 | L53: Xatirchi tumani Paraxun MFY P.Shoyir ko'chasi | M53: 901120494 | N53: 21375 | O53: =VLOOKUP(N53,Uzcard!C:P,4,0) -> 16404.3 | P53: =VLOOKUP(N53,Uzcard!C:P,6,0) -> 13465.55 | Q53: =VLOOKUP(N53,Uzcard!C:P,8,0) -> 11040.85 | R53: =VLOOKUP(N53,Uzcard!C:P,10,0) -> 8299.35 | S53: =VLOOKUP(N53,Uzcard!C:P,12,0) -> 7843.05 | T53: =VLOOKUP(N53,Uzcard!C:P,14,0) -> 8222.35 | U53: =IFERROR(VLOOKUP(N53,'2026 iyul uzcard'!A:D,3,0),"0")/1000 -> 6422.5 | AA53: =+SUM(O53:Z53) -> 71697.95 | AD53: 26.05.2020 | AE53: 131315497
A54: 53 | B54: 11280 | C54: Navoiy | D54: Xatirchi BXO | E54: Humo | F54: NCR6623 | G54: Soz | H54: Glob | I54: 1848 | J54: 94-58406981 | K54: 00200-1554-65 | L54: Xatirchi tumani Paraxun MFY P.Shoyir ko'chasi | M54: 00200000002001H | N54: 157A0BYK | O54: =VLOOKUP(N54,Humo!C:P,4,0) -> 7266.9 | P54: =VLOOKUP(N54,Humo!C:P,6,0) -> 5400.7 | Q54: =VLOOKUP(N54,Humo!C:P,8,0) -> 16943.4 | R54: =VLOOKUP(N54,Humo!C:P,10,0) -> 8914.7 | S54: =VLOOKUP(N54,Humo!C:P,12,0) -> 8898.4 | T54: =VLOOKUP(N54,Humo!C:P,14,0) -> 15822.4 | U54: =IFERROR(VLOOKUP(N54,'2026 iyul humo'!A:D,4,0),"0")/1000 -> 7935.4 | AA54: =+SUM(O54:Z54) -> 71181.9 | AD54: 23.08.2021 | AE54: 105827950
A55: 54 | B55: 11280 | C55: Navoiy | D55: Nurafshon BXO | E55: Uzcard | F55: NCR6622 | G55: Soz | J55: 94-55605791 | K55: 00200-811-52 | L55: Karmana t. I. Karimov ko'chasi 3a uy (ped kollej yonida) | M55: 901117477 | N55: 18291 | O55: =VLOOKUP(N55,Uzcard!C:P,4,0) -> 6124.2 | P55: =VLOOKUP(N55,Uzcard!C:P,6,0) -> 5784.95 | Q55: =VLOOKUP(N55,Uzcard!C:P,8,0) -> 5476.65 | R55: =VLOOKUP(N55,Uzcard!C:P,10,0) -> 4181.8 | S55: =VLOOKUP(N55,Uzcard!C:P,12,0) -> 7441.95 | T55: =VLOOKUP(N55,Uzcard!C:P,14,0) -> 5185 | U55: =IFERROR(VLOOKUP(N55,'2026 iyul uzcard'!A:D,3,0),"0")/1000 -> 6308.85 | AA55: =+SUM(O55:Z55) -> 40503.4 | AD55: 25.07.2018 | AE55: 1.0650721e+08
A56: 55 | B56: 11280 | C56: Navoiy | D56: Nurafshon BXO | E56: Humo | F56: Diebold | G56: Soz | H56: Glob | I56: 1848 | J56: 5310177703 | K56: 00200-614-024 | L56: Karmana t. I. Karimov ko'chasi 3a uy (ped kollej yonida) | M56: 00200000002000J | N56: 157A0628 | O56: =VLOOKUP(N56,Humo!C:P,4,0) -> 6226.3 | P56: =VLOOKUP(N56,Humo!C:P,6,0) -> 6329.5 | Q56: =VLOOKUP(N56,Humo!C:P,8,0) -> 6233 | R56: =VLOOKUP(N56,Humo!C:P,10,0) -> 3217.9 | S56: =VLOOKUP(N56,Humo!C:P,12,0) -> 9928.5 | T56: =VLOOKUP(N56,Humo!C:P,14,0) -> 5982.2 | U56: =IFERROR(VLOOKUP(N56,'2026 iyul humo'!A:D,4,0),"0")/1000 -> 10401.2 | AA56: =+SUM(O56:Z56) -> 48318.6 | AD56: 28.12.2019 | AE56: 62805331
A57: 56 | B57: 11280 | C57: Navoiy | D57: Nurafshon BXO | E57: Vash | F57: Tactilion | G57: Nosoz | J57: 519339 | K57: 631/2020 | L57: Karmana t. I. Karimov ko'chasi 3a uy (ped kollej yonida) | M57: TBATM037 | N57: TBATM037 | O57: =IFERROR(VLOOKUP(N57,'2026 yanvar vash'!A:D,4,0),"0")/1000 -> 0 | P57: =IFERROR(VLOOKUP(N57,'2026 fevral vash'!A:D,4,0),"0")/1000 -> 0 | Q57: =IFERROR(VLOOKUP(N57,'2026 mart vash'!A:D,4,0),"0")/1000 -> 0 | R57: =IFERROR(VLOOKUP(N57,'2026 aprel vash'!A:D,4,0),"0")/1000 -> 0 | S57: =IFERROR(VLOOKUP(N57,'2026 may vash'!A:D,4,0),"0")/1000 -> 0 | T57: =IFERROR(VLOOKUP(N57,'2026 iyun vash'!A:D,4,0),"0")/1000 -> 0 | U57: =IFERROR(VLOOKUP(N57,'2026 iyul vash'!A:D,4,0),"0")/1000 -> 0 | AA57: =+SUM(O57:Z57) -> 0 | AD57: 29.01.2020 | AE57: 2.1655729e+08
A58: 57 | B58: 11280 | C58: Navoiy | D58: Vafobek market | E58: Uzcard | F58: NCR6622 | G58: Soz | J58: 13-55551691 | K58: 00200-440-024 | L58: Karmana t. Katta Machit MFY Vafobek supermarket oldi | M58: 901115125 | N58: 15896 | O58: =VLOOKUP(N58,Uzcard!C:P,4,0) -> 9782.05 | P58: =VLOOKUP(N58,Uzcard!C:P,6,0) -> 7132.1 | Q58: =VLOOKUP(N58,Uzcard!C:P,8,0) -> 6548.65 | R58: =VLOOKUP(N58,Uzcard!C:P,10,0) -> 6175.75 | S58: =VLOOKUP(N58,Uzcard!C:P,12,0) -> 7947 | T58: =VLOOKUP(N58,Uzcard!C:P,14,0) -> 6899.15 | U58: =IFERROR(VLOOKUP(N58,'2026 iyul uzcard'!A:D,3,0),"0")/1000 -> 8626 | AA58: =+SUM(O58:Z58) -> 53110.7 | AD58: 08.10.2018 | AE58: 1.0650721e+08
A59: 58 | B59: 11280 | C59: Navoiy | D59: Vafobek market | E59: Humo | F59: Diebold | G59: Soz | H59: Glob | I59: 1848 | J59: 5310178102 | K59: 624/2020 | L59: Karmana t. Katta Machit MFY Vafobek supermarket oldi | M59: 00200000002000K | N59: 157A0630 | O59: =VLOOKUP(N59,Humo!C:P,4,0) -> 1134.2 | P59: =VLOOKUP(N59,Humo!C:P,6,0) -> 3319 | Q59: =VLOOKUP(N59,Humo!C:P,8,0) -> 5367.5 | R59: =VLOOKUP(N59,Humo!C:P,10,0) -> 1028 | S59: =VLOOKUP(N59,Humo!C:P,12,0) -> 7284.2 | T59: =VLOOKUP(N59,Humo!C:P,14,0) -> 4078.2 | U59: =IFERROR(VLOOKUP(N59,'2026 iyul humo'!A:D,4,0),"0")/1000 -> 6012.3 | AA59: =+SUM(O59:Z59) -> 28223.4 | AD59: 29.01.2020 | AE59: 62805331
A60: 59 | B60: 11280 | C60: Navoiy | D60: 22-maktab 24/7 | E60: Uzcard | F60: NCR6623 | G60: Soz | H60: Btech | I60: 1128.7 | J60: 13-57828691 | K60: 00200-794-042 | L60: Nav. Sh. M.Tarobiy 144 uy Garden city mehmonhona oldi | M60: 901120496 | N60: 21377 | O60: =VLOOKUP(N60,Uzcard!C:P,4,0) -> 5826.05 | P60: =VLOOKUP(N60,Uzcard!C:P,6,0) -> 7260.25 | Q60: =VLOOKUP(N60,Uzcard!C:P,8,0) -> 6319.8 | R60: =VLOOKUP(N60,Uzcard!C:P,10,0) -> 3292.95 | S60: =VLOOKUP(N60,Uzcard!C:P,12,0) -> 5995.9 | T60: =VLOOKUP(N60,Uzcard!C:P,14,0) -> 5996.05 | U60: =IFERROR(VLOOKUP(N60,'2026 iyul uzcard'!A:D,3,0),"0")/1000 -> 6144.35 | AA60: =+SUM(O60:Z60) -> 40835.35 | AD60: 26.05.2020 | AE60: 131315497
A61: 60 | B61: 11280 | C61: Navoiy | D61: 22-maktab 24/7 | E61: Humo | F61: NCR6623 | G61: Soz | H61: Glob | I61: 1848 | J61: 94-58407009 | K61: 00200-1556-67 | L61: Nav. Sh. M.Tarobiy 144 uy Garden city mehmonhona oldi | M61: 00200000002001I | N61: 157A0BZ5 | O61: =VLOOKUP(N61,Humo!C:P,4,0) -> 4818.7 | P61: =VLOOKUP(N61,Humo!C:P,6,0) -> 2455.8 | Q61: =VLOOKUP(N61,Humo!C:P,8,0) -> 4852 | R61: =VLOOKUP(N61,Humo!C:P,10,0) -> 3832.5 | S61: =VLOOKUP(N61,Humo!C:P,12,0) -> 5420.9 | T61: =VLOOKUP(N61,Humo!C:P,14,0) -> 5206.8 | U61: =IFERROR(VLOOKUP(N61,'2026 iyul humo'!A:D,4,0),"0")/1000 -> 7498.25 | AA61: =+SUM(O61:Z61) -> 34084.95 | AD61: 23.08.2021 | AE61: 105827950
A62: 61 | B62: 11280 | C62: Navoiy | D62: 22-maktab 24/7 | E62: Vash | F62: Tactilion | G62: Nosoz | J62: 2619353 | K62: 660/2020 | L62: Nav. Sh. M.Tarobiy 144 uy Garden city mehmonhona oldi | M62: TBATM053 | N62: TBATM053 | O62: =IFERROR(VLOOKUP(N62,'2026 yanvar vash'!A:D,4,0),"0")/1000 -> 0 | P62: =IFERROR(VLOOKUP(N62,'2026 fevral vash'!A:D,4,0),"0")/1000 -> 0 | Q62: =IFERROR(VLOOKUP(N62,'2026 mart vash'!A:D,4,0),"0")/1000 -> 0 | R62: =IFERROR(VLOOKUP(N62,'2026 aprel vash'!A:D,4,0),"0")/1000 -> 0 | S62: =IFERROR(VLOOKUP(N62,'2026 may vash'!A:D,4,0),"0")/1000 -> 0 | T62: =IFERROR(VLOOKUP(N62,'2026 iyun vash'!A:D,4,0),"0")/1000 -> 0 | U62: =IFERROR(VLOOKUP(N62,'2026 iyul vash'!A:D,4,0),"0")/1000 -> 0 | AA62: =+SUM(O62:Z62) -> 0 | AD62: 09.03.2020 | AE62: 2.1655729e+08
A63: 62 | B63: 11280 | C63: Navoiy | D63: Yangibozor | E63: Uzcard | F63: NCR6622 | G63: Soz | J63: 13-55551775 | K63: 00200-531-025 | L63: Navoiy sh. Buyum bozori | M63: 901115563 | N63: 16336 | O63: =VLOOKUP(N63,Uzcard!C:P,4,0) -> 11248.9 | P63: =VLOOKUP(N63,Uzcard!C:P,6,0) -> 10611.7 | Q63: =VLOOKUP(N63,Uzcard!C:P,8,0) -> 12649.15 | R63: =VLOOKUP(N63,Uzcard!C:P,10,0) -> 9231.35 | S63: =VLOOKUP(N63,Uzcard!C:P,12,0) -> 13509.15 | T63: =VLOOKUP(N63,Uzcard!C:P,14,0) -> 10092.55 | U63: =IFERROR(VLOOKUP(N63,'2026 iyul uzcard'!A:D,3,0),"0")/1000 -> 7299.35 | AA63: =+SUM(O63:Z63) -> 74642.15 | AD63: 10.06.2019 | AE63: 1.0045819e+08
A64: 63 | B64: 11280 | C64: Navoiy | D64: Yangibozor | E64: Humo | F64: NCR6623 | G64: Soz | H64: Glob | I64: 1848 | J64: 94-58407007 | K64: 00200-1557-68 | L64: Navoiy sh. Buyum bozori | M64: 00200000002001L | N64: 157A0CGW | O64: =VLOOKUP(N64,Humo!C:P,4,0) -> 8111.2 | P64: =VLOOKUP(N64,Humo!C:P,6,0) -> 9369.1 | Q64: =VLOOKUP(N64,Humo!C:P,8,0) -> 12519.2 | R64: =VLOOKUP(N64,Humo!C:P,10,0) -> 11802.2 | S64: =VLOOKUP(N64,Humo!C:P,12,0) -> 10312.6 | T64: =VLOOKUP(N64,Humo!C:P,14,0) -> 11808.2 | U64: =IFERROR(VLOOKUP(N64,'2026 iyul humo'!A:D,4,0),"0")/1000 -> 7255.3 | AA64: =+SUM(O64:Z64) -> 71177.8 | AD64: 23.08.2021 | AE64: 105827950
A65: 64 | B65: 11280 | C65: Navoiy | D65: Qiziltepa | E65: Uzcard | F65: NCR6623 | G65: Soz | H65: Btech | I65: 1128.7 | J65: 13-59981074 | K65: 00200-1560-70 | L65: Навоий вил Қизилтепа тумани гулбог МФЙ худудида жойлашган | M65: 901124709 | N65: 25729 | O65: =VLOOKUP(N65,Uzcard!C:P,4,0) -> 8031.85 | P65: =VLOOKUP(N65,Uzcard!C:P,6,0) -> 8247.85 | Q65: =VLOOKUP(N65,Uzcard!C:P,8,0) -> 13019.2 | R65: =VLOOKUP(N65,Uzcard!C:P,10,0) -> 6065.85 | S65: =VLOOKUP(N65,Uzcard!C:P,12,0) -> 804.25 | T65: =VLOOKUP(N65,Uzcard!C:P,14,0) -> 361.3 | U65: =IFERROR(VLOOKUP(N65,'2026 iyul uzcard'!A:D,3,0),"0")/1000 -> 757.9 | AA65: =+SUM(O65:Z65) -> 37288.2 | AD65: 23.08.2021 | AE65: 144808312
A66: 65 | B66: 11280 | C66: Navoiy | D66: Zarafshon mehmonhonasi | E66: Vash | F66: Tactilion | G66: Nosoz | J66: 2318258 | K66: 00200-455-3 | L66: Nav. Sh. Navoiy ko'ch. Zarafshon mehmonxonasi yonida | M66: TBATM012 | N66: TBATM012 | O66: =IFERROR(VLOOKUP(N66,'2026 yanvar vash'!A:D,4,0),"0")/1000 -> 0 | P66: =IFERROR(VLOOKUP(N66,'2026 fevral vash'!A:D,4,0),"0")/1000 -> 0 | Q66: =IFERROR(VLOOKUP(N66,'2026 mart vash'!A:D,4,0),"0")/1000 -> 0 | R66: =IFERROR(VLOOKUP(N66,'2026 aprel vash'!A:D,4,0),"0")/1000 -> 0 | S66: =IFERROR(VLOOKUP(N66,'2026 may vash'!A:D,4,0),"0")/1000 -> 0 | T66: =IFERROR(VLOOKUP(N66,'2026 iyun vash'!A:D,4,0),"0")/1000 -> 0 | U66: =IFERROR(VLOOKUP(N66,'2026 iyul vash'!A:D,4,0),"0")/1000 -> 0 | AA66: =+SUM(O66:Z66) -> 0 | AD66: 31.10.2018 | AE66: 1.7190484e+08
A67: 66 | B67: 11281 | C67: Namangan | D67: BXM 24/7 | E67: Humo | F67: GRG | G67: Soz | H67: Glob | I67: 1848 | J67: 1108457426 | K67: 002261625 | L67: Наманган шахар хамрох куча 68 уй | M67: 00226000002260W | N67: 157A0AJY | O67: =VLOOKUP(N67,Humo!C:P,4,0) -> 10984.2 | P67: =VLOOKUP(N67,Humo!C:P,6,0) -> 10391.7 | Q67: =VLOOKUP(N67,Humo!C:P,8,0) -> 11004.5 | R67: =VLOOKUP(N67,Humo!C:P,10,0) -> 8614.9 | S67: =VLOOKUP(N67,Humo!C:P,12,0) -> 10375.4 | T67: =VLOOKUP(N67,Humo!C:P,14,0) -> 7098.8 | U67: =IFERROR(VLOOKUP(N67,'2026 iyul humo'!A:D,4,0),"0")/1000 -> 9414.25 | AA67: =+SUM(O67:Z67) -> 67883.75 | AD67: 26.02.2021 | AE67: 168243023
A68: 67 | B68: 11281 | C68: Namangan | D68: BXM 24/7 | E68: Uzcard | F68: NCR6623 | G68: Soz | H68: Btech | I68: 1128.7 | J68: 13-59981120 | K68: 002263143 | L68: Наманган шахар хамрох куча 68 уй | M68: 901124679 | N68: 25702 | O68: =VLOOKUP(N68,Uzcard!C:P,4,0) -> 16923.15 | P68: =VLOOKUP(N68,Uzcard!C:P,6,0) -> 19201.2 | Q68: =VLOOKUP(N68,Uzcard!C:P,8,0) -> 23390.15 | R68: =VLOOKUP(N68,Uzcard!C:P,10,0) -> 16943.4 | S68: =VLOOKUP(N68,Uzcard!C:P,12,0) -> 22883.3 | T68: =VLOOKUP(N68,Uzcard!C:P,14,0) -> 21734.25 | U68: =IFERROR(VLOOKUP(N68,'2026 iyul uzcard'!A:D,3,0),"0")/1000 -> 15881.5 | AA68: =+SUM(O68:Z68) -> 136956.95 | AD68: 08.08.2019 | AE68: 1.0045819e+08
A69: 68 | B69: 11281 | C69: Namangan | D69: BXM 24/7 | E69: Vash | F69: Tactilion | G69: Soz | J69: 1918258 | K69: 002266809 | L69: Наманган шахар хамрох куча 68 уй | M69: TBATM027 | N69: TBATM027 | O69: =IFERROR(VLOOKUP(N69,'2026 yanvar vash'!A:D,4,0),"0")/1000 -> 345.41 | P69: =IFERROR(VLOOKUP(N69,'2026 fevral vash'!A:D,4,0),"0")/1000 -> 1109.02 | Q69: =IFERROR(VLOOKUP(N69,'2026 mart vash'!A:D,4,0),"0")/1000 -> 607.8 | R69: =IFERROR(VLOOKUP(N69,'2026 aprel vash'!A:D,4,0),"0")/1000 -> 164.55 | S69: =IFERROR(VLOOKUP(N69,'2026 may vash'!A:D,4,0),"0")/1000 -> 120 | T69: =IFERROR(VLOOKUP(N69,'2026 iyun vash'!A:D,4,0),"0")/1000 -> 262.3 | U69: =IFERROR(VLOOKUP(N69,'2026 iyul vash'!A:D,4,0),"0")/1000 -> 728.11 | AA69: =+SUM(O69:Z69) -> 3337.19 | AD69: 07.03.2019 | AE69: 1.7190484e+08
A70: 69 | B70: 11281 | C70: Namangan | D70: Chorsu BXO | E70: Humo | F70: Diebold | G70: Soz | H70: Glob | I70: 1848 | J70: 5310177528 | K70: 002263778 | L70: Наманган шахар Озод МФЙ Уйчи кучаси | M70: 002260000022609 | N70: 157A05ZA | O70: =VLOOKUP(N70,Humo!C:P,4,0) -> 1623.4 | P70: =VLOOKUP(N70,Humo!C:P,6,0) -> 3053.8 | Q70: =VLOOKUP(N70,Humo!C:P,8,0) -> 4615.3 | R70: =VLOOKUP(N70,Humo!C:P,10,0) -> 2006.7 | S70: =VLOOKUP(N70,Humo!C:P,12,0) -> 2677 | T70: =VLOOKUP(N70,Humo!C:P,14,0) -> 2888.5 | U70: =IFERROR(VLOOKUP(N70,'2026 iyul humo'!A:D,4,0),"0")/1000 -> 2966.7 | AA70: =+SUM(O70:Z70) -> 19831.4 | AD70: 24.03.2020 | AE70: 62805331
A71: 70 | B71: 11281 | C71: Namangan | D71: Chorsu BXO | E71: Vash | F71: Tactilion | G71: Nosoz | J71: 1119339 | K71: 002263776 | L71: Наманган шахар Озод МФЙ Уйчи кучаси | M71: TBATM038 | N71: TBATM038 | O71: =IFERROR(VLOOKUP(N71,'2026 yanvar vash'!A:D,4,0),"0")/1000 -> 0 | P71: =IFERROR(VLOOKUP(N71,'2026 fevral vash'!A:D,4,0),"0")/1000 -> 0 | Q71: =IFERROR(VLOOKUP(N71,'2026 mart vash'!A:D,4,0),"0")/1000 -> 0 | R71: =IFERROR(VLOOKUP(N71,'2026 aprel vash'!A:D,4,0),"0")/1000 -> 0 | S71: =IFERROR(VLOOKUP(N71,'2026 may vash'!A:D,4,0),"0")/1000 -> 0 | T71: =IFERROR(VLOOKUP(N71,'2026 iyun vash'!A:D,4,0),"0")/1000 -> 0 | U71: =IFERROR(VLOOKUP(N71,'2026 iyul vash'!A:D,4,0),"0")/1000 -> 0 | AA71: =+SUM(O71:Z71) -> 0 | AD71: 24.03.2020 | AE71: 2.1655729e+08
A72: 71 | B72: 11281 | C72: Namangan | D72: Chorsu BXO | E72: Uzcard | F72: NCR6622 | G72: Nosoz | J72: 13-54969408 | K72: 002269116 | L72: Наманган шахар Озод МФЙ Уйчи кучаси | M72: 901115100 | N72: 15874 | O72: =VLOOKUP(N72,Uzcard!C:P,4,0) -> 0 | P72: =VLOOKUP(N72,Uzcard!C:P,6,0) -> 0 | Q72: =VLOOKUP(N72,Uzcard!C:P,8,0) -> 0 | R72: =VLOOKUP(N72,Uzcard!C:P,10,0) -> 0 | S72: =VLOOKUP(N72,Uzcard!C:P,12,0) -> 0 | T72: =VLOOKUP(N72,Uzcard!C:P,14,0) -> 0 | U72: =IFERROR(VLOOKUP(N72,'2026 iyul uzcard'!A:D,3,0),"0")/1000 -> 0 | AA72: =+SUM(O72:Z72) -> 0 | AD72: 17.12.2018 | AE72: 1.0650721e+08
A73: 72 | B73: 11281 | C73: Namangan | D73: Chorsu BXO | E73: Uzcard | F73: NCR6623 | G73: Soz | H73: Btech | I73: 1128.7 | J73: 13-57828698 | K73: 002262046_16090220 | L73: Наманган шахар Озод МФЙ Уйчи кучаси | M73: 90110028087 | N73: 29292 | O73: =VLOOKUP(N73,Uzcard!C:P,4,0) -> 18057.65 | P73: =VLOOKUP(N73,Uzcard!C:P,6,0) -> 24758.5 | Q73: =VLOOKUP(N73,Uzcard!C:P,8,0) -> 17748.2 | R73: =VLOOKUP(N73,Uzcard!C:P,10,0) -> 12509.95 | S73: =VLOOKUP(N73,Uzcard!C:P,12,0) -> 21448.4 | T73: =VLOOKUP(N73,Uzcard!C:P,14,0) -> 21621.5 | U73: =IFERROR(VLOOKUP(N73,'2026 iyul uzcard'!A:D,3,0),"0")/1000 -> 16128.4 | AA73: =+SUM(O73:Z73) -> 132272.6 | AD73: 24.12.2019 | AE73: 62805331
A74: 73 | B74: 11281 | C74: Namangan | D74: Lola BXO | E74: Uzcard | F74: NCR6623 | G74: Soz | H74: Btech | I74: 1128.7 | J74: 13-57828728 | K74: 002263902 | L74: Наманган шахар Бобуршох кучаси | M74: 901120384 | N74: 21273 | O74: =VLOOKUP(N74,Uzcard!C:P,4,0) -> 15407.9 | P74: =VLOOKUP(N74,Uzcard!C:P,6,0) -> 29894 | Q74: =VLOOKUP(N74,Uzcard!C:P,8,0) -> 27759.1 | R74: =VLOOKUP(N74,Uzcard!C:P,10,0) -> 17728.8 | S74: =VLOOKUP(N74,Uzcard!C:P,12,0) -> 24125.05 | T74: =VLOOKUP(N74,Uzcard!C:P,14,0) -> 37488.7 | U74: =IFERROR(VLOOKUP(N74,'2026 iyul uzcard'!A:D,3,0),"0")/1000 -> 19572.3 | AA74: =+SUM(O74:Z74) -> 171975.85 | AD74: 19.06.2020 | AE74: 131315497
A75: 74 | B75: 11281 | C75: Namangan | D75: Lola BXO | E75: Humo | F75: Diebold | G75: Soz | H75: Glob | I75: 1848 | J75: 5310177715 | K75: 002263835 | L75: Наманган шахар Бобуршох кучаси | M75: 00226000002260N | N75: 157A076O | O75: =VLOOKUP(N75,Humo!C:P,4,0) -> 12334.7 | P75: =VLOOKUP(N75,Humo!C:P,6,0) -> 12705.4 | Q75: =VLOOKUP(N75,Humo!C:P,8,0) -> 17808.1 | R75: =VLOOKUP(N75,Humo!C:P,10,0) -> 9400.8 | S75: =VLOOKUP(N75,Humo!C:P,12,0) -> 13271.9 | T75: =VLOOKUP(N75,Humo!C:P,14,0) -> 15400.3 | U75: =IFERROR(VLOOKUP(N75,'2026 iyul humo'!A:D,4,0),"0")/1000 -> 12358.5 | AA75: =+SUM(O75:Z75) -> 93279.7 | AD75: 25.05.2020 | AE75: 63098416
A76: 75 | B76: 11281 | C76: Namangan | D76: Do‘stlik BXO | E76: Humo | F76: Diebold | G76: Soz | H76: Glob | I76: 1848 | J76: 5310177960 | K76: 002263711 | L76: Давлатобод тумани Кукумбойшох кучаси 40А уй | M76: 00226000002260B | N76: 157A061Z | O76: =VLOOKUP(N76,Humo!C:P,4,0) -> 3641.9 | P76: =VLOOKUP(N76,Humo!C:P,6,0) -> 8368.4 | Q76: =VLOOKUP(N76,Humo!C:P,8,0) -> 4919.5 | R76: =VLOOKUP(N76,Humo!C:P,10,0) -> 3723.9 | S76: =VLOOKUP(N76,Humo!C:P,12,0) -> 6342 | T76: =VLOOKUP(N76,Humo!C:P,14,0) -> 11586.9 | U76: =IFERROR(VLOOKUP(N76,'2026 iyul humo'!A:D,4,0),"0")/1000 -> 11683.7 | AA76: =+SUM(O76:Z76) -> 50266.3 | AD76: 10.02.2020 | AE76: 62805331
A77: 76 | B77: 11281 | C77: Namangan | D77: Do‘stlik BXO | E77: Uzcard | F77: NCR6623 | G77: Soz | H77: Btech | I77: 1128.7 | J77: 13-57828670 | K77: 002263836 | L77: Давлатобод тумани Кукумбойшох кучаси 40А уй | M77: 901120383 | N77: 21272 | O77: =VLOOKUP(N77,Uzcard!C:P,4,0) -> 15453.25 | P77: =VLOOKUP(N77,Uzcard!C:P,6,0) -> 15102.85 | Q77: =VLOOKUP(N77,Uzcard!C:P,8,0) -> 16933.35 | R77: =VLOOKUP(N77,Uzcard!C:P,10,0) -> 13149.7 | S77: =VLOOKUP(N77,Uzcard!C:P,12,0) -> 20221.6 | T77: =VLOOKUP(N77,Uzcard!C:P,14,0) -> 18534.55 | U77: =IFERROR(VLOOKUP(N77,'2026 iyul uzcard'!A:D,3,0),"0")/1000 -> 12161.15 | AA77: =+SUM(O77:Z77) -> 111556.45 | AD77: 25.05.2020 | AE77: 131315497
A78: 77 | B78: 11281 | C78: Namangan | D78: Kosonsoy BXO | E78: Uzcard | F78: NCR6622 | G78: Nosoz | J78: 13-52882249 | K78: 002266828 | L78: Косонсой тумани А.Новоий 72 уй | M78: 901114214 | N78: 15007 | O78: =VLOOKUP(N78,Uzcard!C:P,4,0) -> 0 | P78: =VLOOKUP(N78,Uzcard!C:P,6,0) -> 0 | Q78: =VLOOKUP(N78,Uzcard!C:P,8,0) -> 0 | R78: =VLOOKUP(N78,Uzcard!C:P,10,0) -> 0 | S78: =VLOOKUP(N78,Uzcard!C:P,12,0) -> 0 | T78: =VLOOKUP(N78,Uzcard!C:P,14,0) -> 0 | U78: =IFERROR(VLOOKUP(N78,'2026 iyul uzcard'!A:D,3,0),"0")/1000 -> 0 | AA78: =+SUM(O78:Z78) -> 0 | AD78: 17.12.2018 | AE78: 1.0831914e+08
A79: 78 | B79: 11281 | C79: Namangan | D79: Kosonsoy BXO | E79: Humo | F79: Diebold | G79: Soz | H79: Glob | I79: 1848 | J79: 5310177699 | K79: 002263777 | L79: Косонсой тумани А.Новоий 72 уй | M79: 002260000022608 | N79: 157A05AO | O79: =VLOOKUP(N79,Humo!C:P,4,0) -> 10967.9 | P79: =VLOOKUP(N79,Humo!C:P,6,0) -> 15592.7 | Q79: =VLOOKUP(N79,Humo!C:P,8,0) -> 18055.2 | R79: =VLOOKUP(N79,Humo!C:P,10,0) -> 11666.2 | S79: =VLOOKUP(N79,Humo!C:P,12,0) -> 17637.1 | T79: =VLOOKUP(N79,Humo!C:P,14,0) -> 21507 | U79: =IFERROR(VLOOKUP(N79,'2026 iyul humo'!A:D,4,0),"0")/1000 -> 16119.15 | AA79: =+SUM(O79:Z79) -> 111545.25 | AD79: 24.03.2020 | AE79: 62805331
A80: 79 | B80: 11281 | C80: Namangan | D80: Davlatobod tumani | E80: Uzcard | F80: NCR6623 | G80: Soz | H80: Btech | I80: 1128.7 | J80: 13-59981128 | K80: 002262097 | L80: Давлатобод тумани Кукумбойшох кучаси 1 уй | M80: 90110028088 | N80: 29293 | O80: =VLOOKUP(N80,Uzcard!C:P,4,0) -> 1233.15 | P80: =VLOOKUP(N80,Uzcard!C:P,6,0) -> 1547.4 | Q80: =VLOOKUP(N80,Uzcard!C:P,8,0) -> 1775.35 | R80: =VLOOKUP(N80,Uzcard!C:P,10,0) -> 895.85 | S80: =VLOOKUP(N80,Uzcard!C:P,12,0) -> 1709.95 | T80: =VLOOKUP(N80,Uzcard!C:P,14,0) -> 1735.95 | U80: =IFERROR(VLOOKUP(N80,'2026 iyul uzcard'!A:D,3,0),"0")/1000 -> 1216.85 | AA80: =+SUM(O80:Z80) -> 10114.5 | AD80: 03.12.2021 | AE80: 105827950
A81: 80 | B81: 11281 | C81: Namangan | D81: Davlatobod tumani | E81: Uzcard | F81: Hyusong | G81: Soz | H81: Btech | I81: 1128.7 | J81: YS45403381 | K81: 0000000110461 | L81: Давлатобод тумани Умид МФЙ И.Каримов кучаси 21 уй | M81: 90110038071 | N81: 39951 | O81: =VLOOKUP(N81,Uzcard!C:P,4,0) -> 0 | P81: =VLOOKUP(N81,Uzcard!C:P,6,0) -> 0 | Q81: =VLOOKUP(N81,Uzcard!C:P,8,0) -> 0 | R81: =VLOOKUP(N81,Uzcard!C:P,10,0) -> 0 | S81: =VLOOKUP(N81,Uzcard!C:P,12,0) -> 0 | T81: =VLOOKUP(N81,Uzcard!C:P,14,0) -> 59.4 | U81: =IFERROR(VLOOKUP(N81,'2026 iyul uzcard'!A:D,3,0),"0")/1000 -> 174.6 | AA81: =+SUM(O81:Z81) -> 234 | AD81: 25.05.2026 | AE81: 362504800
A82: 81 | B82: 11281 | C82: Namangan | D82: Yangiqo‘rg‘on tumani | E82: Humo | F82: Diebold | G82: Soz | H82: Glob | I82: 1848 | J82: 5310177415 | K82: 002262004_16090724 | L82: Янгикургон т Дехконобод МФЙ маркази | M82: 002260000044619 | N82: 1570001L | O82: =VLOOKUP(N82,Humo!C:P,4,0) -> 6506.9 | P82: =VLOOKUP(N82,Humo!C:P,6,0) -> 2014.2 | Q82: =VLOOKUP(N82,Humo!C:P,8,0) -> 1129.2 | R82: =VLOOKUP(N82,Humo!C:P,10,0) -> 6023.3 | S82: =VLOOKUP(N82,Humo!C:P,12,0) -> 6805 | T82: =VLOOKUP(N82,Humo!C:P,14,0) -> 6092.2 | U82: =IFERROR(VLOOKUP(N82,'2026 iyul humo'!A:D,4,0),"0")/1000 -> 4461.2 | AA82: =+SUM(O82:Z82) -> 33032 | AD82: 26.12.2019 | AE82: 62805331
A83: 82 | B83: 11281 | C83: Namangan | D83: Megaton | E83: Uzcard | F83: GRG | G83: Soz | H83: Glob | I83: 1848 | J83: 1108457434 | K83: 00986/2493 | L83: ЧУСТ г., CHUSTNONDO‘STLAROBOD MFY гп, MADANIYAT ул., дом 71 | M83: 90110038374 | N83: 157A0B4A | O83: =VLOOKUP(N83,Humo!C:P,4,0) -> 7445.8 | P83: =VLOOKUP(N83,Humo!C:P,6,0) -> 3990.7 | Q83: =VLOOKUP(N83,Humo!C:P,8,0) -> 7473.4 | R83: =VLOOKUP(N83,Humo!C:P,10,0) -> 6175.9 | S83: =VLOOKUP(N83,Humo!C:P,12,0) -> 2559.5 | T83: =VLOOKUP(N83,Humo!C:P,14,0) -> 0 | U83: =IFERROR(VLOOKUP(N83,'2026 iyul humo'!A:D,4,0),"0")/1000 -> 0 | AA83: =+SUM(O83:Z83) -> 27645.3 | AD83: 18.02.2021 | AE83: 168243023
A84: 83 | B84: 11281 | C84: Namangan | D84: Chorsu dehqon bozori | E84: Humo | F84: Diebold | G84: Soz | H84: Glob | I84: 1848 | J84: 5310178013 | K84: 002263779 | L84: Наманган ш Чорсу МФЙ Чорсу дехкон бозори | M84: 00226000002260A | N84: 157A05YH | O84: =VLOOKUP(N84,Humo!C:P,4,0) -> 8324 | P84: =VLOOKUP(N84,Humo!C:P,6,0) -> 15201 | Q84: =VLOOKUP(N84,Humo!C:P,8,0) -> 17507.4 | R84: =VLOOKUP(N84,Humo!C:P,10,0) -> 703 | S84: =VLOOKUP(N84,Humo!C:P,12,0) -> 10526.6 | T84: =VLOOKUP(N84,Humo!C:P,14,0) -> 12471.9 | U84: =IFERROR(VLOOKUP(N84,'2026 iyul humo'!A:D,4,0),"0")/1000 -> 11648.65 | AA84: =+SUM(O84:Z84) -> 76382.55 | AD84: 24.03.2020 | AE84: 62805331
A85: 84 | B85: 11281 | C85: Namangan | D85: Chorsu dehqon bozori | E85: Uzcard | F85: NCR6622 | G85: Nosoz | J85: 13-55605794 | K85: 002261674 | L85: Наманган ш Чорсу МФЙ Чорсу дехкон бозори | M85: 901118213 | N85: 19037 | O85: =VLOOKUP(N85,Uzcard!C:P,4,0) -> 0 | P85: =VLOOKUP(N85,Uzcard!C:P,6,0) -> 0 | Q85: =VLOOKUP(N85,Uzcard!C:P,8,0) -> 0 | R85: =VLOOKUP(N85,Uzcard!C:P,10,0) -> 0 | S85: =VLOOKUP(N85,Uzcard!C:P,12,0) -> 0 | T85: =VLOOKUP(N85,Uzcard!C:P,14,0) -> 0 | U85: =IFERROR(VLOOKUP(N85,'2026 iyul uzcard'!A:D,3,0),"0")/1000 -> 0 | AA85: =+SUM(O85:Z85) -> 0 | AD85: 10.09.2021 | AE85: 144808312
A86: 85 | B86: 11281 | C86: Namangan | D86: Chorsu dehqon bozori | E86: Humo | F86: Diebold | G86: Soz | H86: Glob | I86: 1848 | J86: 5310177315 | K86: 002262078 | L86: Наманган ш Чорсу МФЙ Чорсу дехкон бозори | M86: 002260000044618 | N86: 15700003 | O86: =VLOOKUP(N86,Humo!C:P,4,0) -> 12059.1 | P86: =VLOOKUP(N86,Humo!C:P,6,0) -> 10900.6 | Q86: =VLOOKUP(N86,Humo!C:P,8,0) -> 18888.5 | R86: =VLOOKUP(N86,Humo!C:P,10,0) -> 13822.6 | S86: =VLOOKUP(N86,Humo!C:P,12,0) -> 16381.5 | T86: =VLOOKUP(N86,Humo!C:P,14,0) -> 13714.8 | U86: =IFERROR(VLOOKUP(N86,'2026 iyul humo'!A:D,4,0),"0")/1000 -> 15059.5 | AA86: =+SUM(O86:Z86) -> 100826.6 | AD86: 10.06.2020 | AE86: 131315497
A87: 86 | B87: 11282 | C87: Samarqand | D87: BXM 24/7 | E87: Humo | F87: Diebold | G87: Soz | H87: Glob | I87: 1848 | J87: 5310177327 | K87: 00282/2001,2002/01 | L87: Samarqand shahar Mirzo Ulug'bek k 62-a | M87: 002820000028209 | N87: 157A05AN | O87: =VLOOKUP(N87,Humo!C:P,4,0) -> 919.75 | P87: =VLOOKUP(N87,Humo!C:P,6,0) -> 2018.6 | Q87: =VLOOKUP(N87,Humo!C:P,8,0) -> 5880.95 | R87: =VLOOKUP(N87,Humo!C:P,10,0) -> 4352.5 | S87: =VLOOKUP(N87,Humo!C:P,12,0) -> 10033.65 | T87: =VLOOKUP(N87,Humo!C:P,14,0) -> 2188.9 | U87: =IFERROR(VLOOKUP(N87,'2026 iyul humo'!A:D,4,0),"0")/1000 -> 2646.55 | AA87: =+SUM(O87:Z87) -> 28040.9 | AD87: 30.12.2019 | AE87: 62805331
A88: 87 | B88: 11282 | C88: Samarqand | D88: BXM 24/7 | E88: Uzcard | F88: GRG | G88: Soz | H88: Glob | I88: 1848 | J88: 1108457420 | K88: 00282/117 | L88: Samarqand shahar Mirzo Ulug'bek k 62-a | M88: 90110037522 | N88: 39593 | O88: =VLOOKUP(N88,Uzcard!C:P,4,0) -> 0 | P88: =VLOOKUP(N88,Uzcard!C:P,6,0) -> 0 | Q88: =VLOOKUP(N88,Uzcard!C:P,8,0) -> 0 | R88: =VLOOKUP(N88,Uzcard!C:P,10,0) -> 0 | S88: =VLOOKUP(N88,Uzcard!C:P,12,0) -> 0 | T88: =VLOOKUP(N88,Uzcard!C:P,14,0) -> 0 | U88: =IFERROR(VLOOKUP(N88,'2026 iyul uzcard'!A:D,3,0),"0")/1000 -> 4545.85 | AA88: =+SUM(O88:Z88) -> 4545.85 | AD88: 26.02.2021 | AE88: 168243023
A89: 88 | B89: 11282 | C89: Samarqand | D89: BXM 24/7 | E89: Uzcard | F89: Hyusong | G89: Soz | H89: Btech | I89: 1128.7 | J89: YS45403358 | K89: 0000000110491 | L89: Samarqand shahar Mirzo Ulug'bek k 62-a | M89: 90110037956 | N89: 39841 | O89: =VLOOKUP(N89,Uzcard!C:P,4,0) -> 0 | P89: =VLOOKUP(N89,Uzcard!C:P,6,0) -> 0 | Q89: =VLOOKUP(N89,Uzcard!C:P,8,0) -> 0 | R89: =VLOOKUP(N89,Uzcard!C:P,10,0) -> 0 | S89: =VLOOKUP(N89,Uzcard!C:P,12,0) -> 0 | T89: =VLOOKUP(N89,Uzcard!C:P,14,0) -> 2860.85 | U89: =IFERROR(VLOOKUP(N89,'2026 iyul uzcard'!A:D,3,0),"0")/1000 -> 5159.35 | AA89: =+SUM(O89:Z89) -> 8020.2 | AD89: 25.05.2026 | AE89: 362504800
A90: 89 | B90: 11282 | C90: Samarqand | D90: Kattaqo‘rg‘on BXO | E90: Humo | F90: NCR6623 | G90: Soz | H90: Glob | I90: 1848 | J90: 94-58407005 | K90: 00282/111 | L90: Kattaqo'rg'on tumani M Ulug'bek MFY A. Navoiy ko'chasi | M90: 00282000002821P | N90: 157A0BZQ | O90: =VLOOKUP(N90,Humo!C:P,4,0) -> 5207.4 | P90: =VLOOKUP(N90,Humo!C:P,6,0) -> 3282 | Q90: =VLOOKUP(N90,Humo!C:P,8,0) -> 0 | R90: =VLOOKUP(N90,Humo!C:P,10,0) -> 0 | S90: =VLOOKUP(N90,Humo!C:P,12,0) -> 4487.8 | T90: =VLOOKUP(N90,Humo!C:P,14,0) -> 7228.9 | U90: =IFERROR(VLOOKUP(N90,'2026 iyul humo'!A:D,4,0),"0")/1000 -> 10902.95 | AA90: =+SUM(O90:Z90) -> 31109.05 | AD90: 19.08.2021 | AE90: 105827950
A91: 90 | B91: 11282 | C91: Samarqand | D91: Kattaqo‘rg‘on BXO | E91: Uzcard | F91: NCR6623 | G91: Soz | H91: Btech | I91: 1128.7 | J91: 13-59981078 | K91: 00282/110 | L91: Kattaqo'rg'on tumani M Ulug'bek MFY A. Navoiy ko'chasi | M91: 901124721 | N91: 25743 | O91: =VLOOKUP(N91,Uzcard!C:P,4,0) -> 10261.5 | P91: =VLOOKUP(N91,Uzcard!C:P,6,0) -> 13145.8 | Q91: =VLOOKUP(N91,Uzcard!C:P,8,0) -> 15934.1 | R91: =VLOOKUP(N91,Uzcard!C:P,10,0) -> 19376.95 | S91: =VLOOKUP(N91,Uzcard!C:P,12,0) -> 15984.1 | T91: =VLOOKUP(N91,Uzcard!C:P,14,0) -> 19289.95 | U91: =IFERROR(VLOOKUP(N91,'2026 iyul uzcard'!A:D,3,0),"0")/1000 -> 12117.55 | AA91: =+SUM(O91:Z91) -> 106109.95 | AD91: 19.08.2021 | AE91: 144808312
A92: 91 | B92: 11282 | C92: Samarqand | D92: Loyish BXO | E92: Humo | F92: Diebold | G92: Soz | H92: Glob | I92: 1848 | J92: 5310177969 | K92: 00282/2001,2002/02 | L92: Oqdaryo tumani Loyish shaharchasi A.Temur ko'chasi 19-uy | M92: 00282000002820B | N92: 157A0607 | O92: =VLOOKUP(N92,Humo!C:P,4,0) -> 13678.5 | P92: =VLOOKUP(N92,Humo!C:P,6,0) -> 19214.1 | Q92: =VLOOKUP(N92,Humo!C:P,8,0) -> 17741.7 | R92: =VLOOKUP(N92,Humo!C:P,10,0) -> 14792 | S92: =VLOOKUP(N92,Humo!C:P,12,0) -> 21550.3 | T92: =VLOOKUP(N92,Humo!C:P,14,0) -> 18064.2 | U92: =IFERROR(VLOOKUP(N92,'2026 iyul humo'!A:D,4,0),"0")/1000 -> 16298.05 | AA92: =+SUM(O92:Z92) -> 121338.85 | AD92: 30.12.2019 | AE92: 62805331
A93: 92 | B93: 11282 | C93: Samarqand | D93: Loyish BXO | E93: Uzcard | F93: NCR6622 | G93: Nosoz | J93: 94-55605802 | K93: 00282/29 | L93: Oqdaryo tumani Loyish shaharchasi A.Temur ko'chasi 19-uy | M93: 901118376 | N93: 19192 | O93: =VLOOKUP(N93,Uzcard!C:P,4,0) -> 0 | P93: =VLOOKUP(N93,Uzcard!C:P,6,0) -> 0 | Q93: =VLOOKUP(N93,Uzcard!C:P,8,0) -> 0 | R93: =VLOOKUP(N93,Uzcard!C:P,10,0) -> 0 | S93: =VLOOKUP(N93,Uzcard!C:P,12,0) -> 0 | T93: =VLOOKUP(N93,Uzcard!C:P,14,0) -> 0 | U93: =IFERROR(VLOOKUP(N93,'2026 iyul uzcard'!A:D,3,0),"0")/1000 -> 0 | AA93: =+SUM(O93:Z93) -> 0 | AD93: 14.03.2019 | AE93: 1.0045819e+08
A94: 93 | B94: 11282 | C94: Samarqand | D94: Marhabo BXO | E94: Humo | F94: Diebold | G94: Soz | H94: Glob | I94: 1848 | J94: 5310177500 | K94: 00282/4028 | L94: Samarqand shahar B.I.yo'li ko'chasi 65 uy | M94: 00282000002820J | N94: 157A0748 | O94: =VLOOKUP(N94,Humo!C:P,4,0) -> 13734.6 | P94: =VLOOKUP(N94,Humo!C:P,6,0) -> 18532.1 | Q94: =VLOOKUP(N94,Humo!C:P,8,0) -> 20516.4 | R94: =VLOOKUP(N94,Humo!C:P,10,0) -> 8156.8 | S94: =VLOOKUP(N94,Humo!C:P,12,0) -> 14150.1 | T94: =VLOOKUP(N94,Humo!C:P,14,0) -> 13261.9 | U94: =IFERROR(VLOOKUP(N94,'2026 iyul humo'!A:D,4,0),"0")/1000 -> 16048.1 | AA94: =+SUM(O94:Z94) -> 104400 | AD94: 24.03.2020 | AE94: 62805331
A95: 94 | B95: 11282 | C95: Samarqand | D95: Ravot | E95: Uzcard | F95: NCR6623 | G95: Soz | H95: Btech | I95: 1128.7 | J95: 13-57828681 | K95: 00282/1665-1668/02 | L95: Pasdarg'om tumani Ravot MFY | M95: 901120737 | N95: 21627 | O95: =VLOOKUP(N95,Uzcard!C:P,4,0) -> 10003.8 | P95: =VLOOKUP(N95,Uzcard!C:P,6,0) -> 11488.9 | Q95: =VLOOKUP(N95,Uzcard!C:P,8,0) -> 12181.35 | R95: =VLOOKUP(N95,Uzcard!C:P,10,0) -> 9845.45 | S95: =VLOOKUP(N95,Uzcard!C:P,12,0) -> 6793.65 | T95: =VLOOKUP(N95,Uzcard!C:P,14,0) -> 11638.15 | U95: =IFERROR(VLOOKUP(N95,'2026 iyul uzcard'!A:D,3,0),"0")/1000 -> 10589.05 | AA95: =+SUM(O95:Z95) -> 72540.35 | AD95: 30.06.2020 | AE95: 131315497
A96: 95 | B96: 11282 | C96: Samarqand | D96: Kombinat | E96: Humo | F96: Diebold | G96: Soz | H96: Glob | I96: 1848 | J96: 5310177331 | K96: 00282/1340 | L96: Pasdarg'om tumani O‘rta charxin mfy | M96: 00282000002821H | N96: 157A0AVM | O96: =VLOOKUP(N96,Humo!C:P,4,0) -> 9991.8 | P96: =VLOOKUP(N96,Humo!C:P,6,0) -> 12899.9 | Q96: =VLOOKUP(N96,Humo!C:P,8,0) -> 15800.5 | R96: =VLOOKUP(N96,Humo!C:P,10,0) -> 11927.8 | S96: =VLOOKUP(N96,Humo!C:P,12,0) -> 14869.6 | T96: =VLOOKUP(N96,Humo!C:P,14,0) -> 15837.3 | U96: =IFERROR(VLOOKUP(N96,'2026 iyul humo'!A:D,4,0),"0")/1000 -> 10941.9 | AA96: =+SUM(O96:Z96) -> 92268.8 | AD96: 06.01.2020 | AE96: 62805331
A97: 96 | B97: 11282 | C97: Samarqand | D97: Bog‘onali | E97: Uzcard | F97: NCR6623 | G97: Soz | H97: Btech | I97: 1128.7 | J97: 13-59981075 | K97: 00282/1665-1668/03 | L97: Pasdarg'om tumani Bolgali MFY | M97: 901124720 | N97: 25741 | O97: =VLOOKUP(N97,Uzcard!C:P,4,0) -> 9995.15 | P97: =VLOOKUP(N97,Uzcard!C:P,6,0) -> 10774.45 | Q97: =VLOOKUP(N97,Uzcard!C:P,8,0) -> 13740.6 | R97: =VLOOKUP(N97,Uzcard!C:P,10,0) -> 11097.1 | S97: =VLOOKUP(N97,Uzcard!C:P,12,0) -> 12967.85 | T97: =VLOOKUP(N97,Uzcard!C:P,14,0) -> 15854.7 | U97: =IFERROR(VLOOKUP(N97,'2026 iyul uzcard'!A:D,3,0),"0")/1000 -> 12993.15 | AA97: =+SUM(O97:Z97) -> 87423 | AD97: 30.06.2020 | AE97: 131315497
A98: 97 | B98: 11282 | C98: Samarqand | D98: Bog‘isaroy | E98: Humo | F98: Diebold | G98: Soz | H98: Glob | I98: 1848 | J98: 5310177568 | K98: 00282/2020-13 | L98: Samarqand shahar Spitamen shox ko'chasi 18 uy | M98: 00282000002821I | N98: 157A0AVN | O98: =VLOOKUP(N98,Humo!C:P,4,0) -> 7726.5 | P98: =VLOOKUP(N98,Humo!C:P,6,0) -> 10089.1 | Q98: =VLOOKUP(N98,Humo!C:P,8,0) -> 11461.5 | R98: =VLOOKUP(N98,Humo!C:P,10,0) -> 2004.7 | S98: =VLOOKUP(N98,Humo!C:P,12,0) -> 2087.8 | T98: =VLOOKUP(N98,Humo!C:P,14,0) -> 12047.4 | U98: =IFERROR(VLOOKUP(N98,'2026 iyul humo'!A:D,4,0),"0")/1000 -> 5661.5 | AA98: =+SUM(O98:Z98) -> 51078.5 | AD98: 25.05.2020 | AE98: 63098416
A99: 98 | B99: 11282 | C99: Samarqand | D99: Bog‘isaroy | E99: Humo | F99: Diebold | G99: Soz | H99: Glob | I99: 1848 | J99: 5310177349 | K99: 00282/4030 | L99: Samarqand shahar Spitamen shox ko'chasi 18 uy | M99: 00282000002820A | N99: 157A05BF | O99: =VLOOKUP(N99,Humo!C:P,4,0) -> 8555.9 | P99: =VLOOKUP(N99,Humo!C:P,6,0) -> 7364.2 | Q99: =VLOOKUP(N99,Humo!C:P,8,0) -> 5946.7 | R99: =VLOOKUP(N99,Humo!C:P,10,0) -> 12947.7 | S99: =VLOOKUP(N99,Humo!C:P,12,0) -> 18465.7 | T99: =VLOOKUP(N99,Humo!C:P,14,0) -> 10917.6 | U99: =IFERROR(VLOOKUP(N99,'2026 iyul humo'!A:D,4,0),"0")/1000 -> 6442.9 | AA99: =+SUM(O99:Z99) -> 70640.7 | AD99: 24.03.2020 | AE99: 63098416
A100: 99 | B100: 11282 | C100: Samarqand | D100: Yuksalish | E100: Uzcard | F100: NCR6623 | G100: Soz | H100: Btech | I100: 1128.7 | J100: 13-57828719 | K100: 00282/110/1 | L100: Samarqand tumani Super qurgoni | M100: 901120481 | N100: 21403 | O100: =VLOOKUP(N100,Uzcard!C:P,4,0) -> 8458.15 | P100: =VLOOKUP(N100,Uzcard!C:P,6,0) -> 15496.95 | Q100: =VLOOKUP(N100,Uzcard!C:P,8,0) -> 12432.9 | R100: =VLOOKUP(N100,Uzcard!C:P,10,0) -> 4816.6 | S100: =VLOOKUP(N100,Uzcard!C:P,12,0) -> 9644.4 | T100: =VLOOKUP(N100,Uzcard!C:P,14,0) -> 14500.45 | U100: =IFERROR(VLOOKUP(N100,'2026 iyul uzcard'!A:D,3,0),"0")/1000 -> 7855.95 | AA100: =+SUM(O100:Z100) -> 73205.4 | AD100: 19.08.2021 | AE100: 144808312
...

Sheet Uzcard
A1: БХМ номи | B1: Банкомат ўрнатилган манзил | C1: Terminal ID | D1: Bankomat modeli | E1: 2026 йил Январ Чиқим | F1: 2026 йил Январ Даромад | G1: 2026 йил Феврал Чиқим | H1: 2026 йил Феврал Даромад | I1: 2026 йил Март Чиқим | J1: 2026 йил Март Даромад | K1: 2026 йил Апрел Чиқим | L1: 2026 йил Апрел Даромад | M1: 2026 йил Май Чиқим | N1: 2026 йил Май Даромад | O1: 2026 йил Июнь Чиқим | P1: 2026 йил Июнь Даромад
A2: Бухоро | B2: Бухоро филиали биносида 24/7 | C2: 15897 | D2: NCR6622 | E2: 806566.56 | F2: 8094.65 | G2: 634117.49 | H2: 6413.9 | I2: 1058479.3 | J2: 10669.95 | K2: 747629.86 | L2: 7487.35 | M2: 1196735.1 | N2: 12007.15 | O2: 842024.32 | P2: 8432.75
A3: Бухоро | B3: Бухоро филиали биносида 24/7 | C3: 39945 | D3: Хюсонг | K3: 0 | L3: 0 | O3: 51156.732 | P3: 368
A4: Бухоро | B4: (Мохитабон БХО 24/7да эди) Омборда | C4: 18114 | D4: NCR6622 | E4: 0 | F4: 0 | G4: 0 | H4: 0 | I4: 0 | J4: 0 | K4: 0 | L4: 0 | M4: 0 | N4: 0 | O4: 0 | P4: 0
A5: Бухоро | B5: Piridastgir 5A uy 24/7 | C5: 18327 | D5: NCR6622 | E5: 705722.52 | F5: 7029.55 | G5: 405958.69 | H5: 4062.75 | I5: 817747.04 | J5: 8155.2 | K5: 408697.07 | L5: 4131.2 | M5: 1181567.6 | N5: 11999.6 | O5: 1126258.6 | P5: 11420.05
A6: Бухоро | B6: Когон БХО | C6: 21302 | D6: NCR6623 | E6: 529051.74 | F6: 5307.05 | G6: 1343159.8 | H6: 13533.35 | I6: 945522.94 | J6: 9512.45 | K6: 1038682.9 | L6: 10363.25 | M6: 1380309.9 | N6: 13863.75 | O6: 1343089.8 | P6: 13463.25
A7: Бухоро | B7: Қоракўл БХО | C7: 22691 | D7: NCR6623 | E7: 1191312.1 | F7: 11883.95 | G7: 542880.53 | H7: 5415.95 | I7: 541304.17 | J7: 5479.65 | K7: 941258.57 | L7: 9428 | M7: 1669575.1 | N7: 16711.8 | O7: 1374970.7 | P7: 13744.4
A8: Бухоро | B8: Ғиждувон БХО | C8: 21378 | D8: NCR6623 | E8: 1524491.4 | F8: 15166.55 | G8: 1143963.9 | H8: 11555.45 | I8: 2326287.6 | J8: 23330.95 | K8: 1491221.3 | L8: 14936.2 | M8: 2072221.4 | N8: 20702.1 | O8: 1978367.4 | P8: 19757.15
A9: Бухоро | B9: (Прибанк 24/7да эди) Омборда | C9: 21411 | D9: NCR6622 | E9: 0 | F9: 0 | G9: 0 | H9: 0 | I9: 0 | J9: 0 | K9: 0 | L9: 0 | M9: 0 | N9: 0 | O9: 0 | P9: 0
A10: Бухоро | B10: Эски шахар | C10: 25781 | D10: NCR6623 | E10: 52087.602 | F10: 598.2 | G10: 137964.84 | H10: 1606.45 | I10: 426416.57 | J10: 5281.85 | K10: 724241.58 | L10: 9270.85 | M10: 734356.4 | N10: 9646.05 | O10: 391714.56 | P10: 4789.35
A11: Қарши | B11: (Қарши филиал биносида 24/7 эди) Омборда | C11: 15903 | D11: NCR6622 | E11: 258116 | F11: 2623.625 | G11: 244549.14 | H11: 2456.6 | I11: 2676.4735 | J11: 26.5 | K11: 0 | L11: 0 | M11: 0 | N11: 0 | O11: 0 | P11: 0
A12: Қарши | B12: (Ирригация институти биносида эди) Омборда | C12: 18057 | D12: NCR6622 | E12: 10.0999 | F12: 0.1 | G12: 0 | H12: 0 | I12: 0 | J12: 0 | K12: 0 | L12: 0 | M12: 0 | N12: 0 | O12: 0 | P12: 0
A13: Қарши | B13: (Насаф БХОда эди) Омборда | C13: 20437 | D13: NCR6622 | E13: 11151.788 | F13: 111.9 | G13: 67412.477 | H13: 673.15 | I13: 14341.858 | J13: 142 | K13: 7675.924 | L13: 76 | M13: 0 | N13: 0 | O13: 0 | P13: 0
A14: Қарши | B14: Насаф БХО | C14: 21299 | D14: NCR6623 | E14: 326989.14 | F14: 3312.45 | G14: 80449.64 | H14: 860.5 | I14: 595495.57 | J14: 6031.6 | K14: 400016.51 | L14: 4090.6 | M14: 264633.61 | N14: 2636.25 | O14: 586017.96 | P14: 5893.85
A15: Қарши | B15: Косон БХО | C15: 21300 | D15: NCR6623 | E15: 435037.39 | F15: 4411.8 | G15: 366725.21 | H15: 3688.9 | I15: 535003.14 | J15: 5358.5 | K15: 564848.27 | L15: 5633.9 | M15: 665543.7 | N15: 6650.35 | O15: 760236.68 | P15: 7674.35
... A17: Қарши | B17: Прибанк 24/7 | C17: 21147 | D17: NCR6623 | E17: 829089.82 | F17: 8328.15 | G17: 921713.12 | H17: 9282.4 | I17: 1289250.5 | J17: 12993.5 | K17: 806440.53 | L17: 8168.7 | M17: 1370526.3 | N17: 13880.2 | O17: 1363521.7 | P17: 13885.55
A18: Қарши | B18: Прибанк 24/7 | C18: 39996 | D18: Хюсонг | K18: 0 | L18: 0 | O18: 10298.901 | P18: 98.9
A19: Қарши | B19: Фарход БХО | C19: 25873 | D19: NCR6623 | E19: 608959.67 | F19: 6075.75 | G19: 493048.12 | H19: 5033.15 | I19: 426861.7 | J19: 4296 | K19: 697438.29 | L19: 6955.25 | M19: 950736.87 | N19: 9526.4 | O19: 1158230.4 | P19: 11652.1
A20: Навоий | B20: Навоий ш. Низомий кўча 28А уй Эски Прибанк | C20: 14996 | D20: NCR6622 | E20: 803880.04 | F20: 8058.1 | G20: 756371.65 | H20: 7549.2 | I20: 1180248.5 | J20: 11970.45 | K20: 716553.8 | L20: 7201 | M20: 606557.99 | N20: 6064.05 | O20: 830863.17 | P20: 8281.45
A21: Навоий | B21: Навоий савдо комплекси 24/7 | C21: 15896 | D21: NCR6622 | E21: 970772.27 | F21: 9782.05 | G21: 714144.97 | H21: 7132.1 | I21: 652462.1 | J21: 6548.65 | K21: 613039.57 | L21: 6175.75 | M21: 794529.05 | N21: 7947 | O21: 688992.25 | P21: 6899.15
A22: Навоий | B22: Кармана тумани Мирсаид Бахром МФЙ | C22: 16336 | D22: NCR6622 | E22: 1121417.7 | F22: 11248.9 | G22: 1054561.1 | H22: 10611.7 | I22: 1247906.5 | J22: 12649.15 | K22: 913512.12 | L22: 9231.35 | M22: 1349215.6 | N22: 13509.15 | O22: 1003492.5 | P22: 10092.55
A23: Навоий | B23: Нурафшон БХО | C23: 18291 | D23: NCR6622 | E23: 613018.08 | F23: 6124.2 | G23: 576019.17 | H23: 5784.95 | I23: 548221.17 | J23: 5476.65 | K23: 415277.62 | L23: 4181.8 | M23: 739954.51 | N23: 7441.95 | O23: 515259.82 | P23: 5185
A24: Навоий | B24: Навбахор БХО | C24: 21377 | D24: NCR6623 | E24: 581960.22 | F24: 5826.05 | G24: 719362.99 | H24: 7260.25 | I24: 616563.48 | J24: 6319.8 | K24: 325809.66 | L24: 3292.95 | M24: 596149.9 | N24: 5995.9 | O24: 596360.05 | P24: 5996.05
A25: Навоий | B25: Хатирчи БХО | C25: 21375 | D25: NCR6623 | E25: 1654457.9 | F25: 16404.3 | G25: 1349422.1 | H25: 13465.55 | I25: 1111769.8 | J25: 11040.85 | K25: 835221.05 | L25: 8299.35 | M25: 791355.21 | N25: 7843.05 | O25: 828514.13 | P25: 8222.35
A26: Навоий | B26: Навбахор БХО | C26: 21376 | D26: NCR6623 | E26: 2280567.7 | F26: 22640.3 | G26: 2069942.8 | H26: 20593.35 | I26: 2421285.7 | J26: 24149.8 | K26: 1196695.8 | L26: 11887.7 | M26: 2482352.6 | N26: 24677.25 | O26: 2856112.2 | P26: 28410.65
A27: Навоий | B27: Юксалиш БХО | C27: 25729 | D27: NCR6623 | E27: 808033.82 | F27: 8031.85 | G27: 824999.6 | H27: 8247.85 | I27: 1306076.2 | J27: 13019.2 | K27: 608719.78 | L27: 6065.85 | M27: 78953.446 | N27: 804.25 | O27: 36490.939 | P27: 361.3
A28: Навоий | B28: Навоий филиали биносида 24/7 | C28: 26393 | D28: NCR6623 | E28: 1216624.2 | F28: 12216.45 | G28: 914565.52 | H28: 9184.7 | I28: 997472.2 | J28: 10002.2 | K28: 542076.36 | L28: 5541.9 | M28: 763274.28 | N28: 7621.9 | O28: 346439.01 | P28: 3442.45
A29: Навоий | B29: Навоий филиали биносида 24/7 | C29: 39977 | D29: Хюсонг | K29: 0 | L29: 0 | O29: 0 | P29: 0
A30: Навоий | B30: Навоий савдо комплекси 24/7 | C30: 27732 | D30: NCR6623 | E30: 1319969.3 | F30: 13152.5 | G30: 1395133.8 | H30: 13897.7 | I30: 1190885.4 | J30: 11837.25 | K30: 1178656.4 | L30: 11698.1 | M30: 1804835.3 | N30: 17963.25 | O30: 942785.18 | P30: 9374.55
A31: Наманган | B31: Наманган филиали биносида 24/7 | C31: 25702 | D31: NCR6623 | E31: 1690436.2 | F31: 16923.15 | G31: 1899702 | H31: 19201.2 | I31: 2315736.8 | J31: 23390.15 | K31: 1681526.5 | L31: 16943.4 | M31: 2284200.4 | N31: 22883.3 | O31: 2176032.5 | P31: 21734.25
A32: Наманган | B32: (Чорсу БХОда эди) Омборда | C32: 15874 | D32: NCR6622 | E32: 0 | F32: 0 | G32: 0 | H32: 0 | I32: 0 | J32: 0 | K32: 0 | L32: 0 | M32: 0 | N32: 0 | O32: 0 | P32: 0
A33: Наманган | B33: (Чорсу бозори ҳудудида эди) Омборда | C33: 19037 | D33: NCR6622 | E33: 0 | F33: 0 | G33: 0 | H33: 0 | I33: 0 | J33: 0 | K33: 0 | L33: 0 | M33: 0 | N33: 0 | O33: 0 | P33: 0
A34: Наманган | B34: Дўстлик БХО | C34: 21272 | D34: NCR6623 | E34: 1544737.8 | F34: 15453.25 | G34: 1482547.7 | H34: 15102.85 | I34: 1671396.4 | J34: 16933.35 | K34: 1297536.6 | L34: 13149.7 | M34: 1999701.4 | N34: 20221.6 | O34: 1845696 | P34: 18534.55
A35: Наманган | B35: Давлатобод тумани | C35: 39951 | D35: Хюсонг | K35: 0 | L35: 0 | O35: 17778.641 | P35: 59.4
A36: Наманган | B36: Лола БХО | C36: 21273 | D36: NCR6623 | E36: 1539072.5 | F36: 15407.9 | G36: 2971544.1 | H36: 29894 | I36: 2738011.3 | J36: 27759.1 | K36: 1761141.1 | L36: 17728.8 | M36: 2391140.9 | N36: 24125.05 | O36: 3713681.2 | P36: 37488.7
A37: Наманган | B37: (Косонсой БХОда эди) Омборда | C37: 15007 | D37: NCR6622 | E37: 0 | F37: 0 | G37: 0 | H37: 0 | I37: 0 | J37: 0 | K37: 0 | L37: 0 | M37: 0 | N37: 0 | O37: 0 | P37: 0
A38: Наманган | B38: Чорсу БХО | C38: 29292 | D38: NCR6623 | E38: 1785049.6 | F38: 18057.65 | G38: 2454713.7 | H38: 24758.5 | I38: 1748510.5 | J38: 17748.2 | K38: 1238897.4 | L38: 12509.95 | M38: 2105197 | N38: 21448.4 | O38: 2144819.9 | P38: 21621.5
A39: Наманган | B39: Нуробод ошхона | C39: 29293 | D39: NCR6623 | E39: 119321.92 | F39: 1233.15 | G39: 152235.85 | H39: 1547.4 | I39: 173363.57 | J39: 1775.35 | K39: 85654.954 | L39: 895.85 | M39: 172168.24 | N39: 1709.95 | O39: 174944.21 | P39: 1735.95
A40: Самарқанд | B40: (Прибанк 24/7да эди) Омборда | C40: 15042 | D40: NCR6622 | E40: 0 | F40: 0 | G40: 0 | H40: 0 | I40: 0 | J40: 0 | K40: 0 | L40: 0 | M40: 0 | N40: 0 | O40: 0 | P40: 0
A41: Самарқанд | B41: Паст дарғом тумани роват МФЙ | C41: 21627 | D41: NCR6623 | E41: 1009593.8 | F41: 10003.8 | G41: 1153397.4 | H41: 11488.9 | I41: 1214799.2 | J41: 12181.35 | K41: 987145.6 | L41: 9845.45 | M41: 684566.86 | N41: 6793.65 | O41: 1171696.5 | P41: 11638.15
A42: Самарқанд | B42: Прибанк 24/7 | C42: 39841 | D42: Хюсонг | K42: 0 | L42: 0 | O42: 301807.99 | P42: 2860.85
A43: Самарқанд | B43: Прибанк 24/7 | C43: 39593 | D43: H68VL (GRG)
A44: Самарқанд | B44: M-Aysu do‘koni | C44: 18158 | D44: NCR6622 | E44: 264816.96 | F44: 2639.6 | G44: 82184.045 | H44: 854.9 | I44: 165036.01 | J44: 1687.7 | K44: 129699.07 | L44: 1380.45 | M44: 235912.16 | N44: 2394.55 | O44: 186795.84 | P44: 1907.75
A45: Самарқанд | B45: (Лойиш БХОда эди) Омборда | C45: 19192 | D45: NCR6622 | E45: 0 | F45: 0 | G45: 0 | H45: 0 | I45: 0 | J45: 0 | K45: 0 | L45: 0 | M45: 0 | N45: 0 | O45: 0 | P45: 0
A46: Самарқанд | B46: (Паст дарғом туманида эди) Омборда | C46: 15046 | D46: NCR6622 | E46: 0 | F46: 0 | G46: 0 | H46: 0 | I46: 0 | J46: 0 | K46: 0 | L46: 0 | M46: 0 | N46: 0 | O46: 0 | P46: 0
A47: Самарқанд | B47: Yuskalish firmasi | C47: 21403 | D47: NCR6623 | E47: 835459.69 | F47: 8458.15 | G47: 1536111.5 | H47: 15496.95 | I47: 1227050.5 | J47: 12432.9 | K47: 473981.78 | L47: 4816.6 | M47: 949274.76 | N47: 9644.4 | O47: 1448435.9 | P47: 14500.45
A48: Самарқанд | B48: Паст дарғом тумани Боғанали МФЙ | C48: 25741 | D48: NCR6623 | E48: 1007275.2 | F48: 9995.15 | G48: 1073983.7 | H48: 10774.45 | I48: 1363426.9 | J48: 13740.6 | K48: 1113606 | L48: 11097.1 | M48: 1299414.9 | N48: 12967.85 | O48: 1590788.8 | P48: 15854.7
A49: Самарқанд | B49: Каттақўрғон БХО | C49: 25743 | D49: NCR6623 | E49: 1031491.2 | F49: 10261.5 | G49: 1321372.7 | H49: 13145.8 | I49: 1602068.2 | J49: 15934.1 | K49: 1951197.6 | L49: 19376.95 | M49: 1609448.1 | N49: 15984.1 | O49: 1934010.7 | P49: 19289.95
A50: Гулистон | B50: Истиқлол БХО | C50: 25712 | D50: NCR6622 | E50: 1249411.9 | F50: 12479.425 | G50: 1620201.3 | H50: 16317.65 | I50: 1833674.1 | J50: 18452.575 | K50: 121225.29 | L50: 1211.5 | M50: 68144.994 | N50: 705.7 | O50: 235546.39 | P50: 2358.75
A51: Гулистон | B51: Прибанк 24/7 | C51: 40033 | D51: Хюсонг | K51: 0 | L51: 0 | O51: 0 | P51: 0
A52: Гулистон | B52: Гулистон шахар хокимияти 24/7 | C52: 15907 | D52: NCR6623 | E52: 245460.57 | F52: 2478.05 | G52: 221927.57 | H52: 2229.8 | I52: 213316.92 | J52: 2159.075 | K52: 203654.61 | L52: 2061.675 | M52: 2307.8272 | N52: 22.85 | O52: 4040.959 | P52: 41
A53: Гулистон | B53: Тараққиёт БХО | C53: 21354 | D53: NCR6623 | E53: 46075.689 | F53: 461.15 | G53: 88178.261 | H53: 889.15 | I53: 142474.68 | J53: 1416.1 | K53: 170669.11 | L53: 1690.8 | M53: 151624.95 | N53: 1551.5 | O53: 172436.04 | P53: 1712.75
A54: Гулистон | B54: Хумо БХО | C54: 21533 | D54: NCR6623 | E54: 451577.54 | F54: 4512.05 | G54: 581109.28 | H54: 5795.075 | I54: 541360.31 | J54: 5465.775 | K54: 646044.04 | L54: 6455.5 | M54: 476913.71 | N54: 4763.475 | O54: 610208.56 | P54: 6094.65
A55: Гулистон | B55: Янгибозор 24/7 | C55: 23658 | D55: NCR6622 | E55: 1979006.6 | F55: 19896.5 | G55: 1816980.4 | H55: 18308.75 | I55: 3013223.6 | J55: 30383.95 | K55: 2183412.1 | L55: 22094.15 | M55: 1960471.8 | N55: 19911.7 | O55: 2379070.7 | P55: 23874.6
A56: Гулистон | B56: Гулистон филиали биносида 24/7 | C56: 15906 | D56: NCR6623 | E56: 1088764.2 | F56: 10970.125 | G56: 1085785.2 | H56: 10861.075 | I56: 1046544.3 | J56: 10529.825 | K56: 1106003.2 | L56: 11164.375 | M56: 826830.07 | N56: 8378.45 | O56: 629793.51 | P56: 6364.875
A57: Термиз | B57: (Прибанк 24/7да эди) Омборда | C57: 18153 | D57: NCR6622 | E57: 0 | F57: 0 | G57: 0 | H57: 0 | I57: 0 | J57: 0 | K57: 0 | L57: 0 | M57: 0 | N57: 0 | O57: 0 | P57: 0
A58: Термиз | B58: (Прибанк 24/7да эди) Омборда | C58: 18154 | D58: NCR6622 | E58: 0 | F58: 0 | G58: 0 | H58: 0 | I58: 0 | J58: 0 | K58: 0 | L58: 0 | M58: 0 | N58: 0 | O58: 0 | P58: 0
A59: Термиз | B59: Бақтрия савдо комплекси yangi 24/7 | C59: 26088 | D59: NCR6623 | E59: 1218371.7 | F59: 12314 | G59: 338379.87 | H59: 3383.25 | I59: 1213798.3 | J59: 12250.55 | K59: 642418.59 | L59: 6505.1 | M59: 1065604.9 | N59: 10705.65 | O59: 1016441.6 | P59: 10291.85
A60: Термиз | B60: Xonjizza | C60: 40148 | D60: H68VL (GRG)
A61: Термиз | B61: (Жарқўрғон БХОда эди) Омборда | C61: 23892 | D61: NCR6622 | E61: 0 | F61: 0 | G61: 0 | H61: 0 | I61: 0 | J61: 0 | K61: 0 | L61: 0 | M61: 0 | N61: 0 | O61: 0 | P61: 0
A62: Термиз | B62: Юбилейний Ақлли бекат | C62: 21423 | D62: NCR6623 | E62: 926881.93 | F62: 9321.25 | G62: 778544.45 | H62: 7802.25 | I62: 841877.33 | J62: 8515.85 | K62: 474685.64 | L62: 4760.4 | M62: 1243382.2 | N62: 12474.65 | O62: 1025383.1 | P62: 10323.4
A63: Термиз | B63: Денов БХО | C63: 21424 | D63: NCR6623 | E63: 747271.72 | F63: 7429.15 | G63: 591026.34 | H63: 5862.2 | I63: 839902.97 | J63: 8381.35 | K63: 672760.22 | L63: 6676.9 | M63: 1030444.5 | N63: 10234.7 | O63: 1210352.9 | P63: 12014.95
A64: Термиз | B64: Денов БХО | C64: 39964 | D64: Хюсонг | K64: 0 | L64: 0 | O64: 300 | P64: 0
A65: Термиз | B65: Прибанк 24/7 | C65: 21425 | D65: NCR6623 | E65: 400028.97 | F65: 3982.95 | G65: 493494.65 | H65: 4979.625 | I65: 527823.81 | J65: 5494.3 | K65: 228918.12 | L65: 2430.55 | M65: 83055.968 | N65: 831.8 | O65: 0 | P65: 0
A66: МАБ | B66: (ФВВ биносида эди) Омборда | C66: 13664 | D66: NCR6622 | E66: 0 | F66: 0 | G66: 0 | H66: 0 | I66: 0 | J66: 0 | K66: 0 | L66: 0 | M66: 0 | N66: 0 | O66: 0 | P66: 0
A67: МАБ | B67: Тошкент шахар БХМ 24/7 | C67: 39485 | D67: H68VL (GRG) | K67: 0 | L67: 0 | O67: 230487.99 | P67: 1710.1
A68: МАБ | B68: Тошкент шахар БХМ 24/7 | C68: 39556 | D68: Хюсонг | K68: 0 | L68: 0 | O68: 379810.76 | P68: 3294.05
A69: МАБ | B69: Oliy majlis (Bino) | C69: 39554 | D69: Хюсонг | K69: 0 | L69: 0 | O69: 317012.23 | P69: 466.3
A70: МАБ | B70: Adliya vazirligi | C70: 39533 | D70: Хюсонг | K70: 0 | L70: 0 | O70: 1111046.8 | P70: 521.4
A71: МАБ | B71: Ўзбекгидроэнерго имтиёзли 0.5% | C71: 15867 | D71: NCR6622 | E71: 181227.89 | F71: 1058.95 | G71: 14042.058 | H71: 92.15 | I71: 80283.786 | J71: 414.2 | K71: 25001.069 | L71: 131.2 | M71: 21799.291 | N71: 109.4 | O71: 87006.004 | P71: 446.45
A72: МАБ | B72: Zalal muvaffaq (Angren) | C72: 25689 | D72: NCR6623 | E72: 585772.32 | F72: 6028.35 | G72: 1023482.8 | H72: 10483.25 | I72: 850297.13 | J72: 8966.1 | K72: 752271.02 | L72: 7728.75 | M72: 504310.64 | N72: 5205.85 | O72: 14927.652 | P72: 147.8
A73: МАБ | B73: (Малика савдо мажмуаси 24/7да эди) Омборда | C73: 18060 | D73: NCR6622 | E73: 0 | F73: 0 | G73: 0 | H73: 0 | I73: 0 | J73: 0 | K73: 0 | L73: 0 | M73: 0 | N73: 0 | O73: 0 | P73: 0
A74: МАБ | B74: (Гидропроект 24/7да эди) Омборда | C74: 19567 | D74: NCR6622 | E74: 0 | F74: 0 | G74: 0 | H74: 0 | I74: 0 | J74: 0 | K74: 0 | L74: 0 | M74: 0 | N74: 0 | O74: 0 | P74: 0
A75: МАБ | B75: (Ахмад Дониш БХОда эди) Бўстонлиқ Энергияқурилишда имтиёзли 0.5% | C75: 21473 | D75: NCR6623 | E75: 546098.58 | F75: 2971.55 | G75: 154032.69 | H75: 863.55 | I75: 539265.85 | J75: 2948.8 | K75: 659742.6 | L75: 3546.15 | M75: 496145.64 | N75: 2608.25 | O75: 451086.37 | P75: 2278.65
A76: МАБ | B76: (Бизнес марказда эди) Омбудсманда имтиёзли 0% | C76: 23275 | D76: NCR6623 | E76: 132851.32 | F76: 181.5 | G76: 188220.59 | H76: 210.8 | I76: 327792.25 | J76: 252.5 | K76: 213882.07 | L76: 232.3 | M76: 312762.78 | N76: 273.05 | O76: 122513.93 | P76: 174.1
A77: МАБ | B77: Адлия Вазирлиги Davlat xizmatlari markazi имтиёзли 0% | C77: 27540 | D77: NCR6623 | E77: 344832.31 | F77: 392.7 | G77: 268455.47 | H77: 225.7 | I77: 638378.41 | J77: 739.15 | K77: 297147.97 | L77: 278.25 | M77: 613358.19 | N77: 358.55 | O77: 180145.6 | P77: 145.75
A78: МАБ | B78: (Адлия вазирлигида эди) Омборда | C78: 28407 | D78: NCR6622 | E78: 0 | F78: 0 | G78: 0 | H78: 0 | I78: 0 | J78: 0 | K78: 0 | L78: 0 | M78: 0 | N78: 0 | O78: 0 | P78: 0
A79: МАБ | B79: (Чилонзор Чўпонота БХОда эди) Гидропроектда | C79: 35481 | D79: NCR6623 | E79: 332501.55 | F79: 3495.05 | G79: 379642.33 | H79: 3866.2 | I79: 54215.034 | J79: 565.6 | K79: 120558.94 | L79: 1310.25 | M79: 171296.8 | N79: 1848.65 | O79: 283513.19 | P79: 2956.15
A80: МАБ | B80: TDIU Universiteti 24/7 | C80: 39687 | D80: H68VL (GRG) | K80: 0 | L80: 0 | O80: 0 | P80: 0
A81: МАБ | B81: Farobiy BXO | C81: 39861 | D81: NCR6623 | K81: 0 | L81: 0 | O81: 0 | P81: 0
A82: МАБ | B82: Farobiy BXO | C82: 39259 | D82: H68VL (GRG) | K82: 2552.1979 | L82: 2.1 | O82: 0 | P82: 0
A83: МАБ | B83: Islom sivilizatsiya markazi | C83: 39520 | D83: Хюсонг | K83: 0 | L83: 0 | O83: 0 | P83: 0
A84: МАБ | B84: (Адлия Вазирлигида имтиёзли 0% эди) Омборда соз | C84: 34906 | D84: NCR6623 | E84: 1041518.4 | F84: 679.05 | G84: 788881.4 | H84: 501.9 | I84: 1708571.4 | J84: 722.15 | K84: 1162653.6 | L84: 474.05 | M84: 883320.59 | N84: 260.85 | O84: 0 | P84: 0
A85: МАБ | B85: (Шаҳарсозлик экспертизасида имтиёзли 0% эди) Adliya (Adolat markazi) | C85: 25779 | D85: NCR6623 | E85: 0 | F85: 0 | G85: 302375.87 | H85: 326.2 | I85: 812044.9 | J85: 445.35 | K85: 314954.53 | L85: 74.6 | M85: 401254.58 | N85: 425 | O85: 0 | P85: 0
A86: МАБ | B86: (Олий мажлис 2-биносида имтиёзли 0% эди) Sazanchik | C86: 21381 | D86: NCR6623 | E86: 0 | F86: 0 | G86: 186607.81 | H86: 638.45 | I86: 359724.58 | J86: 615.2 | K86: 270576.06 | L86: 436.5 | M86: 161656.44 | N86: 256.7 | O86: 0 | P86: 0
A87: МАБ | B87: (Юнусободдан келган) Прокуратура департаментида имтиёзли 0% | C87: 28433 | D87: NCR6623 | E87: 0 | F87: 0 | G87: 158680.01 | H87: 90.1 | I87: 132521.42 | J87: 81.5 | K87: 150659.07 | L87: 229.3 | M87: 158925.89 | N87: 108.5 | O87: 87638.931 | P87: 69
A88: МАБ | B88: Олий мажлис 1-биносида имтиёзли 0% | C88: 38032 | D88: Хюсонг | E88: 0 | F88: 0 | G88: 343993.89 | H88: 405.2 | I88: 923182.68 | J88: 466.05 | K88: 728156.96 | L88: 438.9 | M88: 1324098.1 | N88: 778.4 | O88: 1464928.9 | P88: 1297.2
A89: МАБ | B89: Олий мажлис Сенатида имтиёзли 0% | C89: 38039 | D89: Хюсонг | E89: 0 | F89: 0 | G89: 138594.01 | H89: 291.7 | I89: 382942.45 | J89: 653.9 | K89: 152045.14 | L89: 559.1 | M89: 336518.32 | N89: 380.4 | O89: 372900.35 | P89: 554.4
A90: МАБ | B90: ALFRAGANUS Universiteti | C90: 39612 | D90: Хюсонг | K90: 0 | L90: 0 | O90: 293456.6 | P90: 2849.85
A91: МАБ | B91: Shaharsozlik hujjatlari ekspertizasi | C91: 39552 | D91: Хюсонг | K91: 0 | L91: 0 | O91: 324088.82 | P91: 178
A92: МАБ | B92: (Yashnoboddan kelgan) Sarakulka MCHJ Zalar muvaffaq | C92: 39610 | D92: H68VL (GRG) | K92: 0 | L92: 0 | M92: 20913.427 | N92: 73.4 | O92: 26419.271 | P92: 79.35
A93: МАБ | B93: Zalal muvaffaq (Angren) | C93: 39601 | D93: H68VL (GRG) | K93: 0 | L93: 0 | O93: 644.995 | P93: 5
A94: МАБ | B94: (Мирободдан келган) Омборда | C94: 19292 | D94: NCR6622 | E94: 0 | F94: 0 | G94: 0 | H94: 0 | I94: 0 | J94: 0 | K94: 0 | L94: 0 | M94: 0 | N94: 0 | O94: 0 | P94: 0
A95: МАБ | B95: (МЧС Нурафшонда эди) Олий Мажлис палатада имтиёзли 0% | C95: 33725 | D95: NCR6623 | E95: 536390.97 | F95: 2583.55 | G95: 733993.51 | H95: 744.25 | I95: 643656.74 | J95: 807.55 | K95: 625028.37 | L95: 679.05 | M95: 314099.38 | N95: 369.75 | O95: 404831.81 | P95: 342.15
A96: Фарғона | B96: Фарғона филиали биносида 24/7 | C96: 15022 | D96: NCR6622 | E96: 52264.715 | F96: 535.25 | G96: 591293.26 | H96: 5989.25 | I96: 825121.41 | J96: 8389.8 | K96: 642464.76 | L96: 6491.25 | M96: 660251.66 | N96: 6688.35 | O96: 288507.04 | P96: 2909.95
A97: Фарғона | B97: Фарғона филиали биносида 24/7 | C97: 39749 | D97: Хюсонг | K97: 0 | L97: 0 | O97: 437584.5 | P97: 4398.9
A98: Фарғона | B98: Шоҳимардон | C98: 39743 | D98: Хюсонг | K98: 0 | L98: 0 | O98: 566581.88 | P98: 5567.45
A99: Фарғона | B99: Маърифат БХО | C99: 16279 | D99: NCR6622 | E99: 201510.1 | F99: 2002.1 | G99: 299753.88 | H99: 2971.85 | I99: 455356.86 | J99: 4541.4 | K99: 189749.35 | L99: 1901.25 | M99: 139053.87 | N99: 1380.25 | O99: 273102.43 | P99: 2715.15
A100: Фарғона | B100: (Марифат 44 уйда эди эски ид) Хувайдо БХО 2 да | C100: 33313 | D100: NCR6623 | E100: 0 | F100: 0 | G100: 0 | H100: 0 | I100: 0 | J100: 0 | K100: 0 | L100: 0 | M100: 0 | N100: 0 | O100: 0 | P100: 0
A101: Фарғона | B101: Хувайдо БХО 2 да | C101: 37852 | D101: NCR6623 | E101: 0 | F101: 0 | G101: 0 | H101: 0 | I101: 214556.71 | J101: 2188.9 | K101: 1044576.9 | L101: 10387.3 | M101: 1291031.3 | N101: 12804.15 | O101: 1800147 | P101: 17964.95
...

Sheet Humo
A1: БХМ номи | B1: Банкомат ўрнатилган манзил | C1: Terminal ID | D1: Bankomat modeli | E1: 2026 йил Январ Чиқим | F1: 2026 йил Январ Даромад | G1: 2026 йил Феврал Чиқим | H1: 2026 йил Феврал Даромад | I1: 2026 йил Март Чиқим | J1: 2026 йил Март Даромад | K1: 2026 йил Апрел Чиқим | L1: 2026 йил Апрел Даромад | M1: 2026 йил Май Чиқим | N1: 2026 йил Май Даромад | O1: 2026 йил Июнь Чиқим | P1: 2026 йил Июнь Даромад
A2: Бухоро | B2: Бухоро филиали биносида 24/7 | C2: 157A0AK3 | D2: H68VL (GRG) | E2: 834810.68 | F2: 7871.2 | G2: 822700.15 | H2: 7654 | I2: 963093.5 | J2: 9045.1 | K2: 860677.53 | L2: 7816.1 | M2: 843850.08 | N2: 7770.9 | O2: 744726.94 | P2: 6855.7
A3: Бухоро | B3: (Мохитабон БХОда эди) Ёпилган - Ғиждувонга кўчирилади | C3: 157A05DK | D3: Cieno C2040 | E3: 0 | F3: 0 | G3: 0 | H3: 0 | I3: 0 | J3: 0 | K3: 0 | L3: 0 | M3: 0 | N3: 0 | O3: 0 | P3: 0
A4: Бухоро | B4: (МЧСда эди) Ғиждувон деҳқон бозорида | C4: 157A05DJ | D4: Cieno C2040 | E4: 0 | F4: 0 | G4: 0 | H4: 0 | I4: 0 | J4: 0 | K4: 0 | L4: 0 | M4: 0 | N4: 0 | O4: 0 | P4: 0
A5: Бухоро | B5: Ғиждувон деҳқон бозори | C5: 1570001V | D5: Cieno C2040 | K5: 0 | L5: 0 | M5: 0 | N5: 0 | O5: 134935.26 | P5: 1188.5
A6: Бухоро | B6: Когон БХО | C6: 157A062W | D6: Cieno C2040 | E6: 432120.04 | F6: 4161.9 | G6: 191032.25 | H6: 1753.7 | I6: 1002191.5 | J6: 9448.4 | K6: 630274.84 | L6: 5956.7 | M6: 763714.64 | N6: 7364.9 | O6: 766186.51 | P6: 7388.8
A7: Бухоро | B7: Buxoro shahar Pridaskir ko'chasi 5A uy | C7: 1570000E | D7: NCR6623 | E7: 949401.11 | F7: 8943.3 | G7: 707126.43 | H7: 6374.4 | I7: 1095236 | J7: 10319.1 | K7: 538904.64 | L7: 5161.6 | M7: 145953.07 | N7: 1333 | O7: 968891.68 | P7: 8969.6
A8: Бухоро | B8: Бухоро т. Зарманоқ мфй | C8: 157A0B8M | D8: Cieno C2040 | E8: 315574.36 | F8: 3087.4 | G8: 287738.63 | H8: 2820.6 | I8: 355594.87 | J8: 3433.4 | K8: 282569.1 | L8: 2753.9 | M8: 346587.82 | N8: 3378.3 | O8: 250566.47 | P8: 2326.8
A9: Бухоро | B9: Қоракўл БХО | C9: 157A0B8L | D9: Cieno C2040 | E9: 358152.39 | F9: 3257.8 | G9: 505818.32 | H9: 4775.4 | I9: 958113.75 | J9: 8800.5 | K9: 0 | L9: 0 | M9: 0 | N9: 0 | O9: 413115.74 | P9: 3905.6
A10: Бухоро | B10: Ғиждувон БХО | C10: 157A0C0U | D10: NCR6623 | E10: 321311.21 | F10: 3039.6 | G10: 830763.14 | H10: 7755.6 | I10: 1206341.1 | J10: 11574.2 | K10: 540502.06 | L10: 5240.3 | M10: 1319934.6 | N10: 12583.5 | O10: 1661374.6 | P10: 15923
A11: Бухоро | B11: Сомоний БХО | C11: 157A0C0V | D11: NCR6623 | E11: 196051.43 | F11: 1923.7 | G11: 250907.28 | H11: 2416.6 | I11: 391208.15 | J11: 3752.7 | K11: 350816.98 | L11: 3321.7 | M11: 399434.02 | N11: 3826 | O11: 0 | P11: 0
A12: Бухоро | B12: (Romitan tuman Marziya MFYда эди) Омборда носоз - списат бўлади | C12: 157A05D2 | D12: Cieno C2040 | E12: 0 | F12: 0 | G12: 0 | H12: 0 | I12: 0 | J12: 0 | K12: 0 | L12: 0 | M12: 0 | N12: 0 | O12: 0 | P12: 0
A13: Қарши | B13: Қарши филиал биносида 24/7 | C13: 157A05AT | D13: Cieno C2040 | E13: 785539.81 | F13: 7537.35 | G13: 494253.97 | H13: 4656.95 | I13: 1224731.8 | J13: 11734.75 | K13: 834897.44 | L13: 7659.5 | M13: 591829.95 | N13: 5598.8 | O13: 1025986.4 | P13: 9881.8
A14: Қарши | B14: Миришкор БХО | C14: 157A05AU | D14: Cieno C2040 | E14: 661899.07 | F14: 6531.9 | G14: 560837.35 | H14: 5552.9 | I14: 483951.83 | J14: 4773.6 | K14: 309638.51 | L14: 2988.8 | M14: 535335.43 | N14: 5269.2 | O14: 662073 | P14: 6496.1
A15: Қарши | B15: Насаф БХО | C15: 157A05ZE | D15: Cieno C2040 | E15: 530270.03 | F15: 4673 | G15: 288914.12 | H15: 2775 | I15: 6039.7402 | J15: 59.8 | K15: 0 | L15: 0 | M15: 309822.24 | N15: 2959.3 | O15: 668589.6 | P15: 6250
A16: Қарши | B16: Косон БХО | C16: 157A06XF | D16: Cieno C2040 | E16: 922933.66 | F16: 8689.6 | G16: 976731.61 | H16: 9488.4 | I16: 1142837.6 | J16: 10797.9 | K16: 678147.64 | L16: 6312.3 | M16: 1201754.1 | N16: 11552.1 | O16: 1113367.8 | P16: 10590.2
A17: Қарши | B17: Қарши филиал биносида 24/7 | C17: 157A0AKF | D17: H68VL (GRG) | E17: 224005.68 | F17: 2072.8 | G17: 45078.857 | H17: 443.3 | I17: 6595.2347 | J17: 65.3 | K17: 403.996 | L17: 4 | M17: 282.7972 | N17: 2.8 | O17: 118033.09 | P17: 1011.1
... A36: Наманган | B36: Наманган филиали биносида 24/7 | C36: 157A0AJY | D36: H68VL (GRG) | E36: 1154450.5 | F36: 10984.2 | G36: 1112417.7 | H36: 10391.7 | I36: 1143719.9 | J36: 11004.5 | K36: 917039.94 | L36: 8614.9 | M36: 1072827.8 | N36: 10375.4 | O36: 740596.4 | P36: 7098.8
A37: Наманган | B37: Янгиқўрғон дўкони | C37: 15700003 | D37: Cieno C2040 | E37: 1271393.2 | F37: 12059.1 | G37: 1146732.5 | H37: 10900.6 | I37: 1995234.3 | J37: 18888.5 | K37: 1495569.7 | L37: 13822.6 | M37: 1756172.8 | N37: 16381.5 | O37: 1486763.3 | P37: 13714.8
A38: Наманган | B38: Чорсу бозори ҳудудида 24/7 | C38: 1570001L | D38: Cieno C2040 | E38: 680320.39 | F38: 6506.9 | G38: 225380.14 | H38: 2014.2 | I38: 126030.67 | J38: 1129.2 | K38: 647095.33 | L38: 6023.3 | M38: 711532.55 | N38: 6805 | O38: 655562.71 | P38: 6092.2
A39: Самарқанд | B39: Прибанк 24/7 | C39: 157A05AN | D39: Cieno C2040 | E39: 93923.98 | F39: 919.75 | G39: 231581.08 | H39: 2018.6 | I39: 652082.14 | J39: 5880.95 | K39: 503265.62 | L39: 4352.5 | M39: 1083255.7 | N39: 10033.65 | O39: 246356.16 | P39: 2188.9
A40: Самарқанд | B40: Самарқанд ш. Спитамин Шох кўча 18 уй | C40: 157A05BF | D40: Cieno C2040 | E40: 916539.14 | F40: 8555.9 | G40: 773056.69 | H40: 7364.2 | I40: 637419.9 | J40: 5946.7 | K40: 1400538.9 | L40: 12947.7 | M40: 2026028 | N40: 18465.7 | O40: 1157783.6 | P40: 10917.6
A41: Самарқанд | B41: Оқдарё тумани Лойиш шахарчаси БХО | C41: 157A0607 | D41: Cieno C2040 | E41: 1403082 | F41: 13678.5 | G41: 1998812.6 | H41: 19214.1 | I41: 1838187.2 | J41: 17741.7 | K41: 1562804.5 | L41: 14792 | M41: 2244580.1 | N41: 21550.3 | O41: 1881393.9 | P41: 18064.2
A42: Самарқанд | B42: Мархабо БХО | C42: 157A0748 | D42: Cieno C2040 | E42: 1500141.8 | F42: 13734.6 | G42: 1978281.3 | H42: 18532.1 | I42: 2227597.4 | J42: 20516.4 | K42: 889468.74 | L42: 8156.8 | M42: 1510326.6 | N42: 14150.1 | O42: 1461899.4 | P42: 13261.9
A43: Самарқанд | B43: Самарқанд ш. Спитамин Шох кўча 18 уй | C43: 157A0AVN | D43: Cieno C2040 | E43: 815913.72 | F43: 7726.5 | G43: 1075036.4 | H43: 10089.1 | I43: 1221805.6 | J43: 11461.5 | K43: 210394.8 | L43: 2004.7 | M43: 227013.86 | N43: 2087.8 | O43: 1294757.6 | P43: 12047.4
A44: Самарқанд | B44: Пасдарғом тумани Ўртачархин МФЙ | C44: 157A0AVM | D44: Cieno C2040 | E44: 1018286.4 | F44: 9991.8 | G44: 1328302.1 | H44: 12899.9 | I44: 1630920.7 | J44: 15800.5 | K44: 1241127.5 | L44: 11927.8 | M44: 1534821.8 | N44: 14869.6 | O44: 1647987.9 | P44: 15837.3
A45: Самарқанд | B45: Самарқанд филиали биносида 24/7 | C45: 157A0AK9 | D45: H68VL (GRG) | E45: 909532.39 | F45: 8664 | G45: 1350190.2 | H45: 12402.4 | I45: 939485.09 | J45: 8408.8 | K45: 776459.4 | L45: 7354.6 | M45: 45984.895 | N45: 455.2 | O45: 0 | P45: 0
A46: Самарқанд | B46: Каттақўрғон БХО | C46: 157A0BZQ | D46: NCR6623 | E46: 530353.19 | F46: 5207.4 | G46: 338151.12 | H46: 3282 | I46: 0 | J46: 0 | K46: 0 | L46: 0 | M46: 459635.56 | N46: 4487.8 | O46: 744962.27 | P46: 7228.9
A47: Гулистон | B47: Янгибозор 24/7 | C47: 157A05AJ | D47: Cieno C2040 | E47: 1932587.9 | F47: 18550.5 | G47: 2147707.8 | H47: 20665.9 | I47: 3321503.7 | J47: 31385.6 | K47: 2775127.9 | L47: 26422.1 | M47: 2255592.4 | N47: 21043.2 | O47: 2970447.4 | P47: 28038.2
A48: Гулистон | B48: Гулистон шахар хокимияти яқинида 24/7 | C48: 157A060I | D48: Cieno C2040 | E48: 736482.5 | F48: 6896.2 | G48: 556183.74 | H48: 5163 | I48: 682641.68 | J48: 6419.9 | K48: 600657.23 | L48: 5567.8 | M48: 673911.15 | N48: 6395.6 | O48: 567473.78 | P48: 5218.4
A49: Гулистон | B49: Хумо БХО | C49: 157A06YW | D49: Cieno C2040 | E49: 1242551 | F49: 12043.1 | G49: 581173.84 | H49: 5489.85 | I49: 1374801.2 | J49: 13087.85 | K49: 1033764.3 | L49: 9960.4 | M49: 910136.49 | N49: 8731.4 | O49: 1744629.7 | P49: 16727.4
... A53: Термиз | B53: Жарқўрғон БХО | C53: 157A05AK | D53: Cieno C2040 | E53: 127542.54 | F53: 1260.8 | G53: 224190.53 | H53: 2116.8 | I53: 259764.76 | J53: 2542.3 | K53: 149772.66 | L53: 1390.3 | M53: 160590.2 | N53: 1550.7 | O53: 251162.56 | P53: 2394.3
A54: Термиз | B54: Юбилейний Ақлли бекат | C54: 15700002 | D54: NCR6623 | E54: 509859.82 | F54: 4826.2 | G54: 542972.26 | H54: 4835.4 | I54: 1133197.3 | J54: 10411.3 | K54: 775586.56 | L54: 7040.2 | M54: 1476960.7 | N54: 13621.4 | O54: 997923.05 | P54: 9346.3
A55: Термиз | B55: Прибанк 24/7 | C55: 157A05ZP | D55: Cieno C2040 | E55: 0 | F55: 0 | G55: 0 | H55: 0 | I55: 0 | J55: 0 | K55: 0 | L55: 0 | M55: 424932.19 | N55: 3405.9 | O55: 353407.99 | P55: 3357.1
A56: Термиз | B56: Денов БХО | C56: 157A07AF | D56: Cieno C2040 | E56: 641852.25 | F56: 6252.8 | G56: 613642.29 | H56: 5910.9 | I56: 764211.56 | J56: 7492.8 | K56: 553657.42 | L56: 5384.4 | M56: 496036.69 | N56: 4812.6 | O56: 1502580.7 | P56: 14725.4
A57: Термиз | B57: Термиз филиали биносида 24/7 | C57: 157A0AN0 | D57: H68VL (GRG) | E57: 1220012.1 | F57: 11426.9 | G57: 895542.18 | H57: 8417.1 | I57: 967897 | J57: 8300.2 | K57: 541334.59 | L57: 5210.3 | M57: 687151.07 | N57: 6427.8 | O57: 1000576.3 | P57: 9589.8
A58: Термиз | B58: Бақтрия савдо комплекси | C58: 157A0CCR | D58: NCR6623 | E58: 1318179.1 | F58: 10489.8 | G58: 825092.09 | H58: 7510.7 | I58: 1299024.1 | J58: 11952.8 | K58: 703792.36 | L58: 6436.2 | M58: 1247853.6 | N58: 11451.2 | O58: 1085816.4 | P58: 9794.4
A59: Термиз | B59: Юбилейний бекати 24/7 | C59: 157A05ZO | D59: Cieno C2040 | E59: 836145.66 | F59: 7790.9 | G59: 626654.17 | H59: 5831 | I59: 452499.19 | J59: 4210 | K59: 24142.289 | L59: 210.7 | M59: 572268.28 | N59: 5369.5 | O59: 646265.78 | P59: 6173.9
A60: МАБ | B60: Гидропроект 24/7 | C60: 157A05JA | D60: Cieno C2040 | E60: 217466.57 | F60: 1875.9 | G60: 106436.93 | H60: 973.4 | I60: 186095.06 | J60: 1591.6 | K60: 277456.31 | L60: 2386.2 | M60: 227283.94 | N60: 1708.7 | O60: 136005.45 | P60: 1095.3
A61: МАБ | B61: Ўзбекгидроэнергия | C61: 1570001R | D61: Cieno C2040 | E61: 0 | F61: 0 | G61: 0 | H61: 0 | I61: 11503.886 | J61: 113.7 | K61: 128964.96 | L61: 1238.4035 | M61: 189657.03 | N61: 1821.8361 | O61: 58492.223 | P61: 577.32772
A62: МАБ | B62: МАБ Абай к. 4а 24\7 | C62: 157A0A7I | D62: H68VL (GRG) | E62: 855055.18 | F62: 7972.2 | G62: 712717.4 | H62: 6303.3 | I62: 852914.24 | J62: 7005.9 | K62: 686916.38 | L62: 5766.8 | M62: 729844.65 | N62: 6403.8 | O62: 486328.25 | P62: 4453.4
A63: МАБ | B63: (МАБ Абай к. 4а 24\7 да эди) Алмашган | C63: 157A0B24 | D63: H68VL (GRG) | E63: 0 | F63: 0 | G63: 164264.4 | H63: 1546.3 | I63: 212101.59 | J63: 1860.3 | K63: 191738.94 | L63: 1607.6 | M63: 0 | N63: 0 | O63: 0 | P63: 0
A64: МАБ | B64: (Олий суд да эди) Омборда | C64: 1570001T | D64: Cieno C2040 | E64: 0 | F64: 0 | G64: 0 | H64: 0 | I64: 189063.13 | J64: 1871.9307 | K64: 735641.07 | L64: 7233.1832 | M64: 507074.74 | N64: 5014.6624 | O64: 55084.855 | P64: 545.4
A65: МАБ | B65: Адлия вазирлигида имтиёзли 0% | C65: 15700001 | D65: Cieno C2040 | E65: 0 | F65: 0 | G65: 292511.16 | H65: 2889.6465 | I65: 617224.76 | J65: 6036.2267 | K65: 444430.07 | L65: 4382.5535 | M65: 773359.06 | N65: 7587.2515 | O65: 139501.73 | P65: 1371.1693
A66: МАБ | B66: Сенатда имтиёзли 0% | C66: 1570000W | D66: NCR6623 | E66: 576810.54 | F66: 5656.497 | G66: 715905.55 | H66: 7047.1545 | I66: 1096782.9 | J66: 10756.868 | K66: 769049.82 | L66: 7480.1208 | M66: 1295041.9 | N66: 12759.452 | O66: 652694.16 | P66: 6443.5703
A67: МАБ | B67: (Мирзо Улуғбек БХМда эди) Алшер Навоий Метро | C67: 157A0AFH | D67: H68VL (GRG) | E67: 0 | F67: 0 | G67: 123176.59 | H67: 1056.3 | I67: 214846.62 | J67: 1884.7 | K67: 42437.083 | L67: 266.7 | M67: 107488.21 | N67: 739.1 | O67: 82698.336 | P67: 714.5
A68: МАБ | B68: (Малика савдода эди) Омборда | C68: 157A05JB | D68: Cieno C2040 | E68: 0 | F68: 0 | G68: 0 | H68: 0 | I68: 0 | J68: 0 | K68: 0 | L68: 0 | M68: 0 | N68: 0 | O68: 0 | P68: 0
A69: МАБ | B69: Омборда | C69: 157A05AG | D69: Cieno C2040 | E69: 0 | F69: 0 | G69: 0 | H69: 0 | I69: 0 | J69: 0 | K69: 0 | L69: 0 | M69: 0 | N69: 0 | O69: 0 | P69: 0
A70: Фарғона | B70: Хувайдо БХО | C70: 15700005 | D70: Cieno C2040 | E70: 1223972.5 | F70: 11839.4 | G70: 1950854.8 | H70: 18768.1 | I70: 2137784.9 | J70: 20484.6 | K70: 755362.64 | L70: 7260.3 | M70: 960790.21 | N70: 9294.8 | O70: 683675.54 | P70: 6156.8
A71: Фарғона | B71: Риштон БХО | C71: 157A059T | D71: Cieno C2040 | E71: 408016.28 | F71: 4016.35 | G71: 295066.92 | H71: 2876.8 | I71: 483921.58 | J71: 4772.45 | K71: 261617.16 | L71: 2537.4 | M71: 310340.25 | N71: 3047.35 | O71: 399933.21 | P71: 3940.05
A72: Фарғона | B72: Қодирий БХО | C72: 15700006 | D72: Cieno C2040 | E72: 923602.78 | F72: 8520.3 | G72: 993407.77 | H72: 9332.9 | I72: 720740.91 | J72: 6888.4 | K72: 1097463 | L72: 9979.7 | M72: 576104.62 | N72: 5484.1 | O72: 1551147.2 | P72: 14318.4
A73: Фарғона | B73: Маърифат БХО | C73: 157A059V | D73: Cieno C2040 | E73: 538861.81 | F73: 5118.55 | G73: 535758.7 | H73: 4904.3 | I73: 413071.1 | J73: 3678.75 | K73: 630775.95 | L73: 5572.05 | M73: 546916.87 | N73: 5080.35 | O73: 530968.47 | P73: 4651.4
A74: Фарғона | B74: Нурхон БХО | C74: 157A05ZQ | D74: Cieno C2040 | E74: 890208.89 | F74: 8388.9 | G74: 500473.54 | H74: 4588.4 | I74: 486952.35 | J74: 4421 | K74: 155157.9 | L74: 1399.35 | M74: 139217.82 | N74: 1279.2 | O74: 407900.16 | P74: 3667.7
A75: Фарғона | B75: Водил БХО | C75: 157A06XN | D75: Cieno C2040 | E75: 37531.729 | F75: 370.6 | G75: 91774.244 | H75: 905.65 | I75: 54711.68 | J75: 520.4 | K75: 60013.606 | L75: 594.2 | M75: 14075.72 | N75: 130.35 | O75: 358949.31 | P75: 3485.8
A76: Фарғона | B76: Фарғона филиали биносида 24/7 | C76: 157A0AK2 | D76: H68VL (GRG) | E76: 709181.83 | F76: 6624.7 | G76: 632785.79 | H76: 5858.8 | I76: 462449.02 | J76: 4175.3 | K76: 570056.75 | L76: 5295.2 | M76: 250630.88 | N76: 2265.1 | O76: 0 | P76: 0
A77: Фарғона | B77: Нурафшон санаторияси | C77: 1570000B | D77: NCR6623 | E77: 19179.961 | F77: 189.4 | G77: 395565.29 | H77: 3756.1 | I77: 554577.79 | J77: 5414.7 | K77: 579965.55 | L77: 5648.1 | M77: 511778.97 | N77: 4826.5 | O77: 1054633.6 | P77: 10247.4
A78: Урганч | B78: Ал-Хоразмий БХО Жойи ўзгаради | C78: 157A05AR | D78: Cieno C2040 | E78: 0 | F78: 0 | G78: 0 | H78: 0 | I78: 0 | J78: 0 | K78: 0 | L78: 0 | M78: 0 | N78: 0 | O78: 0 | P78: 0
A79: Урганч | B79: Урганч филиали биносида 24/7 | C79: 157A05AA | D79: Cieno C2040 | E79: 2345361.2 | F79: 22026.6 | G79: 1583828.1 | H79: 15132.4 | I79: 2624124.8 | J79: 25144.4 | K79: 2811060.1 | L79: 27004.5 | M79: 2587821.8 | N79: 24706 | O79: 1974865.4 | P79: 18632.7
A80: Урганч | B80: Хонқа минибанк 24/7 | C80: 157A05CL | D80: Cieno C2040 | E80: 1313388.6 | F80: 12872.4 | G80: 849698.02 | H80: 8283.7 | I80: 1165464.4 | J80: 11237.3 | K80: 671497.62 | L80: 6530.6 | M80: 207495.58 | N80: 2019 | O80: 656820.37 | P80: 6328.8
A81: Урганч | B81: Жайхун БХО | C81: 157A060L | D81: Cieno C2040 | E81: 2194566.9 | F81: 21272.8 | G81: 1508414.6 | H81: 14487.1 | I81: 1809076.4 | J81: 17148.1 | K81: 2706759.2 | L81: 26133.6 | M81: 2655437.1 | N81: 25414 | O81: 1893815.8 | P81: 18358.1
A82: Урганч | B82: Урганч филиали биносида 24/7 Экран носоз | C82: 157A0AN2 | D82: H68VL (GRG) | E82: 0 | F82: 0 | G82: 0 | H82: 0 | I82: 0 | J82: 0 | K82: 0 | L82: 0 | M82: 0 | N82: 0 | O82: 508271.22 | P82: 4834.6
A83: Урганч | B83: Юнус клиникаси | C83: 157A0C51 | D83: NCR6623 | E83: 157990.92 | F83: 1378.5416 | G83: 175253.93 | H83: 1571.8337 | I83: 253644.01 | J83: 2388.9188 | K83: 52331.19 | L83: 460.0703 | M83: 303109.94 | N83: 2857.6158 | O83: 283937.53 | P83: 2672.9653
A84: Урганч | B84: Янгибозор БХО | C84: 157A0C5B | D84: NCR6623 | E84: 310595.61 | F84: 2939.5 | G84: 0 | H84: 0 | I84: 52464.141 | J84: 508.9 | K84: 61896.603 | L84: 596.7 | M84: 252103.04 | N84: 2361.8 | O84: 427881.45 | P84: 3953.1
... A105: Шаҳрисабз | B105: Шаҳрисабз филиали биносида 24/7 | C105: 157A059S | D105: Cieno C2040 | E105: 1860806.5 | F105: 17967.5 | G105: 1785712.4 | H105: 17337.5 | I105: 1365310.9 | J105: 13054.2 | K105: 927186.1 | L105: 8795.6 | M105: 187686.02 | N105: 1730.1 | O105: 299994.06 | P105: 2892.1
A106: Шаҳрисабз | B106: Амур Темур БХО | C106: 15700008 | D106: NCR6623 | E106: 423504.84 | F106: 4156.4 | G106: 306197.2 | H106: 3001.2 | I106: 362318.9 | J106: 3454.9 | K106: 359761.46 | L106: 3487.8 | M106: 245123.52 | N106: 2383.2 | O106: 577534.86 | P106: 5639.1
A107: Шаҳрисабз | B107: Оксарой БХО | C107: 157A06Q9 | D107: Cieno C2040 | E107: 438286 | F107: 4200.1 | G107: 655554.02 | H107: 6182.1 | I107: 901911.25 | J107: 8647.1 | K107: 1305006.6 | L107: 12140.8 | M107: 1323808.6 | N107: 12587 | O107: 927240.94 | P107: 8811.5
A108: Шаҳрисабз | B108: Шаҳрисабз филиали биносида 24/7 | C108: 157A0AKE | D108: H68VL (GRG) | E108: 2504407.5 | F108: 24076 | G108: 1798946.3 | H108: 17309.846 | I108: 2215603.3 | J108: 21217.946 | K108: 2279886.1 | L108: 21875.746 | M108: 1815390.3 | N108: 16808.846 | O108: 1703673 | P108: 16362.746
A109: Шаҳрисабз | B109: Оксарой БХО | C109: 1570000Q | D109: Cieno C2040 | E109: 1606534.1 | F109: 15501.6 | G109: 767573.61 | H109: 7344.2 | I109: 917119.58 | J109: 8667 | K109: 517718.4 | L109: 4698.3 | M109: 747421.4 | N109: 7096.8 | O109: 598156.26 | P109: 5642.3
A110: Шаҳрисабз | B110: (Миробод Тошкент БХОда эди) Омборда | C110: 157AO55R | D110: Cieno C2040 | E110: 0 | F110: 0 | G110: 0 | H110: 0 | I110: 0 | J110: 0 | K110: 0 | L110: 0 | M110: 0 | N110: 0 | O110: 0 | P110: 0
A111: Шаҳрисабз | B111: Шаҳрисабз филиали биносида 24/7 | C111: 1570000T | D111: Cieno C2040 | E111: 344052.95 | F111: 3297.3 | G111: 250587.06 | H111: 2386.8 | I111: 1224932.2 | J111: 11623.3 | K111: 1195274.8 | L111: 11394.4 | M111: 2253628.4 | N111: 21103.9 | O111: 1831648.5 | P111: 17676.2
A112: Зангиота | B112: Зангиота филиали биносида 24/7 | C112: 157A0AFC | D112: H68VL (GRG) | E112: 782845.86 | F112: 7041.7 | G112: 392637.5 | H112: 3395.1 | I112: 457019.29 | J112: 4260.6 | K112: 214082.17 | L112: 2084.9 | M112: 389125.56 | N112: 3691.3 | O112: 493768.84 | P112: 4156.6
A113: Зангиота | B113: Мархабо мехмонхона | C113: 157A05YS | D113: Cieno C2040 | E113: 131963.03 | F113: 1270.6 | G113: 109830.18 | H113: 920.6 | I113: 71779.718 | J113: 631.6 | K113: 161680.61 | L113: 1292.1 | M113: 105669.11 | N113: 739.7 | O113: 147332.17 | P113: 1178.7
A114: Зангиота | B114: Бек барака савдо мажмуаси 24/7 | C114: 157A0CWR | D114: NCR6623 | E114: 1044777.2 | F114: 9969.4 | G114: 692575.15 | H114: 6503.4 | I114: 1062711.3 | J114: 9694.5 | K114: 831687.81 | L114: 7836.7 | M114: 1001270.8 | N114: 9382.7 | O114: 1196863.5 | P114: 11155.8
A115: Зангиота | B115: Чиноз БХО 1 | C115: 157A0CHK | D115: NCR6623 | E115: 1387584.6 | F115: 12963.1 | G115: 920971.44 | H115: 8763 | I115: 2176896 | J115: 20098.8 | K115: 1961887.8 | L115: 18470.9 | M115: 1546329 | N115: 14512.5 | O115: 2122200.7 | P115: 19610
A116: Зангиота | B116: Чиноз БХО 2 | C116: 157A0CWS | D116: NCR6623 | E116: 1926657.7 | F116: 18289.2 | G116: 1295601.9 | H116: 12055.7 | I116: 2532733.6 | J116: 23611.6 | K116: 3145885.1 | L116: 29369.2 | M116: 2093078.8 | N116: 19688.7 | O116: 2850382.4 | P116: 26654
A117: Зангиота | B117: (Янгийўл БХОда эди) Ангрен Резинотехника заводи 1570001C | C117: 157A09K7 | D117: Cieno C2040 | E117: 0 | F117: 0 | G117: 0 | H117: 0 | I117: 0 | J117: 0 | K117: 0 | L117: 0 | M117: 0 | N117: 0 | O117: 0 | P117: 0
A118: Зангиота | B118: Ангрен Резинотехника заводи имтиёзли 0.5% | C118: 1570001C | D118: Cieno C2040 | E118: 0 | F118: 0 | G118: 271298.19 | H118: 2561.0297 | I118: 249247.08 | J118: 2420.047 | K118: 221370.9 | L118: 2103.3168 | M118: 349874.36 | N118: 3393.7896 | O118: 192854.39 | P118: 1861.2302
... A138: МАБ | B138: (Юнусобод БХОда эди) Сирдарёга берилган | C138: 157A06XO | D138: Cieno C2040 | E138: 0 | F138: 0 | G138: 0 | H138: 0 | I138: 0 | J138: 0 | K138: 0 | L138: 0 | M138: 0 | N138: 0 | O138: 0 | P138: 0
A139: МАБ | B139: Омборда | C139: 157A0A6J | D139: Cieno C2040 | K139: 0 | L139: 0 | O139: 0 | P139: 0
A140: МАБ | B140: Прибанк 24/7 | C140: 157A0AF9 | D140: H68VL (GRG) | E140: 228598.2 | F140: 1795.7 | G140: 276707.99 | H140: 2311.7 | I140: 392623.51 | J140: 3489.7 | K140: 311390.27 | L140: 2577.3 | M140: 0 | N140: 0 | O140: 0 | P140: 0
A141: МАБ | B141: Ирригация 24/7 кардридер носоз | C141: 157A0B28 | D141: H68VL (GRG) | E141: 0 | F141: 0 | G141: 0 | H141: 0 | I141: 0 | J141: 0 | K141: 0 | L141: 0 | M141: 0 | N141: 0 | O141: 0 | P141: 0
A142: МАБ | B142: TDIU Universiteti 24/7 | C142: 15700023 | D142: Cieno C2040 | K142: 0 | L142: 0 | O142: 929.4914 | P142: 8.6
A143: МАБ | B143: Farobiy BXO | C143: 15700025 | D143: Cieno C2040 | K143: 0 | L143: 0 | O143: 0 | P143: 0
A144: МАБ | B144: (Дурмон БХОда эди) МАБ Омборда | C144: 157A08ZJ | D144: Cieno C2040 | E144: 0 | F144: 0 | G144: 0 | H144: 0 | I144: 0 | J144: 0 | K144: 0 | L144: 0 | M144: 0 | N144: 0 | O144: 0 | P144: 0
A145: Andijon | B145: Андижон филиали биносида 24/7 | C145: 157A0AFG | D145: H68VL (GRG) | E145: 699706.25 | F145: 6349.1 | G145: 829855.46 | H145: 7794.8 | I145: 931807.57 | J145: 8375.7 | K145: 637533.74 | L145: 6009.8 | M145: 742616.68 | N145: 7068 | O145: 588451.67 | P145: 5678.4
A146: Булунғур БРМ | B146: Прибанк 24/7 | C146: 1570000F | D146: H68VL (GRG) | E146: 312475.76 | F146: 3093.85 | G146: 0 | H146: 0 | I146: 375609.23 | J146: 3718.9401 | K146: 144264.02 | L146: 1428.3708 | M146: 372792.36 | N146: 3691.05 | O146: 92348.436 | P146: 914.35
A147: Булунғур БРМ | B147: Булунғур т. Гобдин мфй. Усмонқулота чойхонаси | C147: 1570000J | D147: H68VL (GRG) | E147: 253483.97 | F147: 2480.2 | G147: 213072.07 | H147: 2025.1 | I147: 262020.77 | J147: 2528.8 | K147: 302286.04 | L147: 2963.6 | M147: 349719.92 | N147: 3433.6 | O147: 289979.98 | P147: 2822.3

Sheet 2026 iyul uzcard
A1: TERM_ID | B1: SUM(DTL_VALUE) | C1: SUM(DTL_VALUE_DT) | D1: SUM(DTL_VALUE_KT) | E1: SUM(AMOUNT) | F1: SUM(AMOUNT_DT) | G1: SUM(AMOUNT_KT) | H1: CASH_AMOUNT | I1: CASH_AMOUNT_DT | J1: CASH_AMOUNT_KT | K1: SRV_DEP_CODE | L1: SRV_DEP_NAME
A2: 15906 | B2: 4101625 | C2: 4097625 | D2: 4000 | E2: 405131625 | F2: 404000 | G2: 404727625 | H2: 401030000 | I2: -3693625 | J2: 404723625 | K2: 11284 | L2: Сирдарё БХМ
A3: 22374 | B3: 3798600 | C3: 3789100 | D3: 9500 | E3: 382708600 | F3: 959500 | G3: 381749100 | H3: 378910000 | I3: -2829600 | J3: 381739600 | K3: 11285 | L3: Фарғона БХМ
A4: 29638 | B4: 14776050 | C4: 14776050 | D4: 0 | E4: 1467266050 | F4: 0 | G4: 1467266050 | H4: 1452490000 | I4: -14776050 | J4: 1467266050 | K4: 11285 | L4: Фарғона БХМ
A5: 39996 | B5: 8298700 | C5: 8298700 | D5: 0 | E5: 855963100 | F5: 16111500 | G5: 839851600 | H5: 847664400 | I5: 7812800 | J5: 839851600 | K5: 11279 | L5: Қарши БХМ
A6: 28433 | B6: 108300 | C6: 108300 | D6: 0 | E6: 148978300 | F6: 0 | G6: 148978300 | H6: 148870000 | I6: -108300 | J6: 148978300 | K6: 10696 | L6: "Shayxontoxur" bank xizmatlari
A7: 34789 | B7: 6889850 | C7: 6889850 | D7: 0 | E7: 676179850 | F7: 0 | G7: 676179850 | H7: 669290000 | I7: -6889850 | J7: 676179850 | K7: 11287 | L7: Қорақалпоғистон БХМ
A8: 26088 | B8: 4201300 | C8: 4201300 | D8: 0 | E8: 416671300 | F8: 0 | G8: 416671300 | H8: 412470000 | I8: -4201300 | J8: 416671300 | K8: 11283 | L8: Сурхондарё БХМ
A9: 21147 | B9: 7970650 | C9: 7930650 | D9: 40000 | E9: 797100650 | F9: 4040000 | G9: 793060650 | H9: 789130000 | I9: -3890650 | J9: 793020650 | K9: 11279 | L9: Қарши БХМ
A10: 25736 | B10: 3225950 | C10: 3225950 | D10: 0 | E10: 306675950 | F10: 0 | G10: 306675950 | H10: 303450000 | I10: -3225950 | J10: 306675950 | K10: 11291 | L10: Зангиота БХМ
A11: 21299 | B11: 5587850 | C11: 5587850 | D11: 0 | E11: 560307850 | F11: 0 | G11: 560307850 | H11: 554720000 | I11: -5587850 | J11: 560307850 | K11: 11279 | L11: Қарши БХМ
A12: 21533 | B12: 7145900 | C12: 7145900 | D12: 0 | E12: 707345900 | F12: 0 | G12: 707345900 | H12: 700200000 | I12: -7145900 | J12: 707345900 | K12: 11284 | L12: Сирдарё БХМ
A13: 22015 | B13: 1507000 | C13: 1507000 | D13: 0 | E13: 149707000 | F13: 0 | G13: 149707000 | H13: 148200000 | I13: -1507000 | J13: 149707000 | K13: 11291 | L13: Зангиота БХМ
... A122: 29593 | B122: 12219400 | C122: 12219400 | D122: 0 | E122: 1188279400 | F122: 0 | G122: 1188279400 | H122: 1176060000 | I122: -12219400 | J122: 1188279400 | K122: 11287 | L122: Қорақалпоғистон БХМ

Sheet 2026 iyul humo
A1: TERM_ID | B1: SUM(DTL_VALUE) | C1: SUM(DTL_VALUE_DT) | D1: SUM(DTL_VALUE_KT) | E1: SUM(AMOUNT) | F1: SUM(AMOUNT_DT) | G1: SUM(AMOUNT_KT) | H1: CASH_AMOUNT | I1: CASH_AMOUNT_DT | J1: CASH_AMOUNT_KT | K1: SRV_DEP_CODE | L1: SRV_DEP_NAME
A2: 15700003 | B2: 15059500 | C2: 0 | D2: 15059500 | E2: 1507499500 | F2: 0 | G2: 1507499500 | H2: 1492440000 | I2: 0 | J2: 1492440000 | K2: 11281 | L2: Наманган БХМ
A3: 157A05JA | B3: 2153300 | C3: 0 | D3: 2153300 | E3: 204443300 | F3: 0 | G3: 204443300 | H3: 202290000 | I3: 0 | J3: 202290000 | K3: 10725 | L3: Toshkent shahar BXM
A4: 157A0AVN | B4: 5661500 | C4: 0 | D4: 5661500 | E4: 563101500 | F4: 0 | G4: 563101500 | H4: 557440000 | I4: 0 | J4: 557440000 | K4: 11282 | L4: Самарқанд БХМ
A5: 1570000T | B5: 16662550 | C5: 0 | D5: 16662550 | E5: 1659672550 | F5: 0 | G5: 1659672550 | H5: 1643010000 | I5: 0 | J5: 1643010000 | K5: 11290 | L5: Шаҳрисабз БХМ
A6: 157A05ZE | B6: 4918100 | C6: 0 | D6: 4918100 | E6: 488938100 | F6: 0 | G6: 488938100 | H6: 484020000 | I6: 0 | J6: 484020000 | K6: 11279 | L6: Қарши БХМ
A7: 157A0BYU | B7: 3727750 | C7: 0 | D7: 3727750 | E7: 351682750 | F7: 0 | G7: 351682750 | H7: 347955000 | I7: 0 | J7: 347955000 | K7: 11284 | L7: Сирдарё БХМ
A8: 157A05ZA | B8: 2966700 | C8: 0 | D8: 2966700 | E8: 278766700 | F8: 0 | G8: 278766700 | H8: 275800000 | I8: 0 | J8: 275800000 | K8: 11281 | L8: Наманган БХМ
A9: 157A0C51 | B9: 2386800 | C9: 0 | D9: 2386800 | E9: 295286800 | F9: 0 | G9: 295286800 | H9: 292900000 | I9: 0 | J9: 292900000 | K9: 11286 | L9: Хоразм БХМ
A10: 157A05AO | B10: 16119150 | C10: 0 | D10: 16119150 | E10: 1596759150 | F10: 0 | G10: 1596759150 | H10: 1580640000 | I10: 0 | J10: 1580640000 | K10: 11281 | L10: Наманган БХМ
A11: 15700002 | B11: 3650800 | C11: 0 | D11: 3650800 | E11: 356860800 | F11: 0 | G11: 356860800 | H11: 353210000 | I11: 0 | J11: 353210000 | K11: 11283 | L11: Сурхондарё БХМ
A12: 157A0B8M | B12: 3302100 | C12: 0 | D12: 3302100 | E12: 332162100 | F12: 0 | G12: 332162100 | H12: 328860000 | I12: 0 | J12: 328860000 | K12: 11278 | L12: Бухоро БХМ
A13: 1570000E | B13: 8537350 | C13: 0 | D13: 8537350 | E13: 852497350 | F13: 0 | G13: 852497350 | H13: 843960000 | I13: 0 | J13: 843960000 | K13: 11278 | L13: Бухоро БХМ
A14: 157A060L | B14: 25000700 | C14: 0 | D14: 25000700 | E14: 2489420700 | F14: 0 | G14: 2489420700 | H14: 2464420000 | I14: 0 | J14: 2464420000 | K14: 11286 | L14: Хоразм БХМ
A15: 157A0CWR | B15: 13054550 | C15: 3000 | D15: 13051550 | E15: 1290804550 | F15: 303000 | G15: 1290501550 | H15: 1277750000 | I15: 300000 | J15: 1277450000 | K15: 11291 | L15: Зангиота БХМ
A16: 157A06XN | B16: 2153400 | C16: 0 | D16: 2153400 | E16: 215568400 | F16: 0 | G16: 215568400 | H16: 213415000 | I16: 0 | J16: 213415000 | K16: 11285 | L16: Фарғона БХМ
A17: 157A0CHK | B17: 18397200 | C17: 0 | D17: 18397200 | E17: 1820437200 | F17: 0 | G17: 1820437200 | H17: 1802040000 | I17: 0 | J17: 1802040000 | K17: 11291 | L17: Зангиота БХМ
A18: 157A073M | B18: 8840400 | C18: 60000 | D18: 8780400 | E18: 883500400 | F18: 6060000 | G18: 877440400 | H18: 874660000 | I18: 6000000 | J18: 868660000 | K18: 11288 | L18: Жиззах БХМ
A19: 157A0C29 | B19: 2701850 | C19: 0 | D19: 2701850 | E19: 255571850 | F19: 0 | G19: 255571850 | H19: 252870000 | I19: 0 | J19: 252870000 | K19: 11279 | L19: Қарши БХМ
A20: 15700006 | B20: 14568500 | C20: 10000 | D20: 14558500 | E20: 1427688500 | F20: 1010000 | G20: 1426678500 | H20: 1413120000 | I20: 1000000 | J20: 1412120000 | K20: 11285 | L20: Фарғона БХМ
A21: 157A0AKE | B21: 25961000 | C21: -19650 | D21: 25980650 | E21: 2595036000 | F21: 2345350 | G21: 2592690650 | H21: 2569075000 | I21: 2365000 | J21: 2566710000 | K21: 11290 | L21: Шаҳрисабз БХМ
A22: 157A0628 | B22: 10401200 | C22: 0 | D22: 10401200 | E22: 1043851200 | F22: 0 | G22: 1043851200 | H22: 1033450000 | I22: 0 | J22: 1033450000 | K22: 11280 | L22: Навоий БХМ
A23: 157A07AF | B23: 7422050 | C23: 0 | D23: 7422050 | E23: 747372050 | F23: 0 | G23: 747372050 | H23: 739950000 | I23: 0 | J23: 739950000 | K23: 11283 | L23: Сурхондарё БХМ
A24: 157A0CHJ | B24: 14239100 | C24: 0 | D24: 14239100 | E24: 1403359100 | F24: 0 | G24: 1403359100 | H24: 1389120000 | I24: 0 | J24: 1389120000 | K24: 10715 | L24: "Oxangaron" bank xizmatlari o
A25: 157A0AFH | B25: 649710 | C25: -340040 | D25: 989750 | E25: 129153710 | F25: 33663960 | G25: 95489750 | H25: 128504000 | I25: 34004000 | J25: 94500000 | K25: 10725 | L25: Toshkent shahar BXM
A26: 157A0BZ5 | B26: 7498250 | C26: 0 | D26: 7498250 | E26: 747178250 | F26: 0 | G26: 747178250 | H26: 739680000 | I26: 0 | J26: 739680000 | K26: 11280 | L26: Навоий БХМ
A27: 15700001 | B27: 438050 | C27: 0 | D27: 438050 | E27: 690408050 | F27: 0 | G27: 690408050 | H27: 689970000 | I27: 0 | J27: 689970000 | K27: 10725 | L27: Toshkent shahar BXM
A28: 1570000W | B28: 477800 | C28: 0 | D28: 477800 | E28: 795657800 | F28: 0 | G28: 795657800 | H28: 795180000 | I28: 0 | J28: 795180000 | K28: 10725 | L28: Toshkent shahar BXM
A29: 157A05CL | B29: 14777850 | C29: 0 | D29: 14777850 | E29: 1474367850 | F29: 0 | G29: 1474367850 | H29: 1459590000 | I29: 0 | J29: 1459590000 | K29: 11286 | L29: Хоразм БХМ
A30: 157A0B8L | B30: 4229150 | C30: 0 | D30: 4229150 | E30: 423059150 | F30: 0 | G30: 423059150 | H30: 418830000 | I30: 0 | J30: 418830000 | K30: 10668 | L30: "Qorako‘l" bank xizmatlari ofi
A31: 157A0BYK | B31: 7935400 | C31: 0 | D31: 7935400 | E31: 798475400 | F31: 0 | G31: 798475400 | H31: 790540000 | I31: 0 | J31: 790540000 | K31: 10676 | L31: "Xatirchi" bank xizmatlari ofi
A32: 157A059V | B32: 5465650 | C32: 0 | D32: 5465650 | E32: 533745650 | F32: 0 | G32: 533745650 | H32: 528280000 | I32: 0 | J32: 528280000 | K32: 11285 | L32: Фарғона БХМ
A33: 15700023 | B33: 7300 | C33: 0 | D33: 7300 | E33: 737300 | F33: 0 | G33: 737300 | H33: 730000 | I33: 0 | J33: 730000 | K33: 10725 | L33: Toshkent shahar BXM
A34: 157A05YH | B34: 11648650 | C34: 0 | D34: 11648650 | E34: 1154408650 | F34: 0 | G34: 1154408650 | H34: 1142760000 | I34: 0 | J34: 1142760000 | K34: 11281 | L34: Наманган БХМ
A35: 157A076O | B35: 12358500 | C35: 0 | D35: 12358500 | E35: 1224568500 | F35: 0 | G35: 1224568500 | H35: 1212210000 | I35: 0 | J35: 1212210000 | K35: 11281 | L35: Наманган БХМ
A36: 157A0AJX | B36: 2835350 | C36: 0 | D36: 2835350 | E36: 281295350 | F36: 0 | G36: 281295350 | H36: 278460000 | I36: 0 | J36: 278460000 | K36: 11288 | L36: Жиззах БХМ
A37: 1570000Q | B37: 7949300 | C37: 0 | D37: 7949300 | E37: 783279300 | F37: 0 | G37: 783279300 | H37: 775330000 | I37: 0 | J37: 775330000 | K37: 11290 | L37: Шаҳрисабз БХМ
A38: 157A0AFP | B38: 2429800 | C38: 7500 | D38: 2422300 | E38: 244409800 | F38: 757500 | G38: 243652300 | H38: 241980000 | I38: 750000 | J38: 241230000 | K38: 10706 | L38: "Mirobod" bank xizmatlari ofis
A39: 157A0AH2 | B39: 15807450 | C39: -606900 | D39: 16414350 | E39: 2384267450 | F39: 753193100 | G39: 1631074350 | H39: 2368460000 | I39: 753800000 | J39: 1614660000 | K39: 11284 | L39: Сирдарё БХМ
A40: 157A0DOC | B40: 18811750 | C40: 0 | D40: 18811750 | E40: 1876961750 | F40: 0 | G40: 1876961750 | H40: 1858150000 | I40: 0 | J40: 1858150000 | K40: 11280 | L40: Навоий БХМ
A41: 157A05AU | B41: 5835150 | C41: 40000 | D41: 5795150 | E41: 587535150 | F41: 4040000 | G41: 583495150 | H41: 581700000 | I41: 4000000 | J41: 577700000 | K41: 11279 | L41: Қарши БХМ
A42: 157A05YD | B42: 1920600 | C42: 0 | D42: 1920600 | E42: 189860600 | F42: 0 | G42: 189860600 | H42: 187940000 | I42: 0 | J42: 187940000 | K42: 11280 | L42: Навоий БХМ
A43: 157A05YS | B43: 2214350 | C43: 0 | D43: 2214350 | E43: 185774350 | F43: 0 | G43: 185774350 | H43: 183560000 | I43: 0 | J43: 183560000 | K43: 11291 | L43: Зангиота БХМ
A44: 157A0607 | B44: 16298050 | C44: 0 | D44: 16298050 | E44: 1623448050 | F44: 0 | G44: 1623448050 | H44: 1607150000 | I44: 0 | J44: 1607150000 | K44: 11282 | L44: Самарқанд БХМ
A45: 157A059S | B45: 2616500 | C45: 0 | D45: 2616500 | E45: 256306500 | F45: 0 | G45: 256306500 | H45: 253690000 | I45: 0 | J45: 253690000 | K45: 11290 | L45: Шаҳрисабз БХМ
... A49: 157A0AFR | B49: 2044650 | C49: 0 | D49: 2044650 | E49: 194774650 | F49: 0 | G49: 194774650 | H49: 192730000 | I49: 0 | J49: 192730000 | K49: 10723 | L49: Mirzo Ulugbek bank xizmatlari
A50: 15700008 | B50: 4085100 | C50: 1000 | D50: 4084100 | E50: 409095100 | F50: 101000 | G50: 408994100 | H50: 405010000 | I50: 100000 | J50: 404910000 | K50: 11290 | L50: Шаҳрисабз БХМ
A51: 157A05ZO | B51: 7357900 | C51: 0 | D51: 7357900 | E51: 726447900 | F51: 0 | G51: 726447900 | H51: 719090000 | I51: 0 | J51: 719090000 | K51: 11283 | L51: Сурхондарё БХМ
A52: 157A0C07 | B52: 3465750 | C52: 15000 | D52: 3450750 | E52: 334445750 | F52: 1015000 | G52: 333430750 | H52: 330980000 | I52: 1000000 | J52: 329980000 | K52: 11287 | L52: Қорақалпоғистон БХМ
A53: 157A05YP | B53: 6426900 | C53: 0 | D53: 6426900 | E53: 645221900 | F53: 0 | G53: 645221900 | H53: 638795000 | I53: 0 | J53: 638795000 | K53: 11288 | L53: Жиззах БХМ
A54: 157A05AT | B54: 4313850 | C54: 0 | D54: 4313850 | E54: 417733850 | F54: 0 | G54: 417733850 | H54: 413420000 | I54: 0 | J54: 413420000 | K54: 11279 | L54: Қарши БХМ
A55: 157A0BZQ | B55: 10902950 | C55: 0 | D55: 10902950 | E55: 1095092950 | F55: 0 | G55: 1095092950 | H55: 1084190000 | I55: 0 | J55: 1084190000 | K55: 11282 | L55: Самарқанд БХМ
A56: 157A0AN0 | B56: 7202200 | C56: 3000 | D56: 7199200 | E56: 721512200 | F56: 303000 | G56: 721209200 | H56: 714310000 | I56: 300000 | J56: 714010000 | K56: 11283 | L56: Сурхондарё БХМ
A57: 157A0C5B | B57: 5852300 | C57: 0 | D57: 5852300 | E57: 575982300 | F57: 0 | G57: 575982300 | H57: 570130000 | I57: 0 | J57: 570130000 | K57: 11286 | L57: Хоразм БХМ
A58: 157A06Q9 | B58: 8058750 | C58: 0 | D58: 8058750 | E58: 804058750 | F58: 0 | G58: 804058750 | H58: 796000000 | I58: 0 | J58: 796000000 | K58: 11290 | L58: Шаҳрисабз БХМ
A59: 157A0CGW | B59: 7256300 | C59: 1000 | D59: 7255300 | E59: 726686300 | F59: 101000 | G59: 726585300 | H59: 719430000 | I59: 100000 | J59: 719330000 | K59: 11280 | L59: Навоий БХМ
A60: 1570000B | B60: 10543700 | C60: 0 | D60: 10543700 | E60: 1058603700 | F60: 0 | G60: 1058603700 | H60: 1048060000 | I60: 0 | J60: 1048060000 | K60: 11285 | L60: Фарғона БХМ
A61: 157A05BF | B61: 6442900 | C61: 0 | D61: 6442900 | E61: 635232900 | F61: 0 | G61: 635232900 | H61: 628790000 | I61: 0 | J61: 628790000 | K61: 11282 | L61: Самарқанд БХМ
A62: 157A0630 | B62: 6012300 | C62: 0 | D62: 6012300 | E62: 600102300 | F62: 0 | G62: 600102300 | H62: 594090000 | I62: 0 | J62: 594090000 | K62: 11280 | L62: Навоий БХМ
A63: 157A09KC | B63: 5457250 | C63: 0 | D63: 5457250 | E63: 530587250 | F63: 0 | G63: 530587250 | H63: 525130000 | I63: 0 | J63: 525130000 | K63: 11287 | L63: Қорақалпоғистон БХМ
A64: 15700025 | B64: 725750 | C64: 0 | D64: 725750 | E64: 67425750 | F64: 0 | G64: 67425750 | H64: 66700000 | I64: 0 | J64: 66700000 | K64: 10725 | L64: Toshkent shahar BXM
A65: 157A0A7I | B65: 5679950 | C65: -443800 | D65: 6123750 | E65: 862099950 | F65: 264706200 | G65: 597393750 | H65: 856420000 | I65: 265150000 | J65: 591270000 | K65: 10725 | L65: Toshkent shahar BXM
A66: 157A0AKA | B66: 7549800 | C66: 0 | D66: 7549800 | E66: 735459800 | F66: 0 | G66: 735459800 | H66: 727910000 | I66: 0 | J66: 727910000 | K66: 11287 | L66: Қорақалпоғистон БХМ
A67: 1570001E | B67: 16848400 | C67: 0 | D67: 16848400 | E67: 1557493400 | F67: 0 | G67: 1557493400 | H67: 1540645000 | I67: 0 | J67: 1540645000 | K67: 11291 | L67: Зангиота БХМ
A68: 157A059T | B68: 2293500 | C68: 0 | D68: 2293500 | E68: 230643500 | F68: 0 | G68: 230643500 | H68: 228350000 | I68: 0 | J68: 228350000 | K68: 11285 | L68: Фарғона БХМ
A69: 157A05AP | B69: 3566300 | C69: 0 | D69: 3566300 | E69: 355601300 | F69: 0 | G69: 355601300 | H69: 352035000 | I69: 0 | J69: 352035000 | K69: 11280 | L69: Навоий БХМ
A70: 157A0AN2 | B70: 13581900 | C70: -257750 | D70: 13839650 | E70: 1426566900 | F70: 44497250 | G70: 1382069650 | H70: 1412985000 | I70: 44755000 | J70: 1368230000 | K70: 11286 | L70: Хоразм БХМ
A71: 157A0CWS | B71: 30773700 | C71: 20700 | D71: 30753000 | E71: 3012463700 | F71: 2090700 | G71: 3010373000 | H71: 2981690000 | I71: 2070000 | J71: 2979620000 | K71: 11291 | L71: Зангиота БХМ
A72: 1570001C | B72: 1771750 | C72: 0 | D72: 1771750 | E72: 310121750 | F72: 0 | G72: 310121750 | H72: 308350000 | I72: 0 | J72: 308350000 | K72: 11291 | L72: Зангиота БХМ
A73: 1570001P | B73: 1948450 | C73: 0 | D73: 1948450 | E73: 194918450 | F73: 0 | G73: 194918450 | H73: 192970000 | I73: 0 | J73: 192970000 | K73: 11287 | L73: Қорақалпоғистон БХМ
A74: 157A05YM | B74: 3279250 | C74: 0 | D74: 3279250 | E74: 326179250 | F74: 0 | G74: 326179250 | H74: 322900000 | I74: 0 | J74: 322900000 | K74: 11288 | L74: Жиззах БХМ
A75: 157A0AK3 | B75: 3585000 | C75: -648000 | D75: 4233000 | E75: 573205000 | F75: 156652000 | G75: 416553000 | H75: 569620000 | I75: 157300000 | J75: 412320000 | K75: 11278 | L75: Бухоро БХМ
A76: 157A0CCR | B76: 6016000 | C76: 0 | D76: 6016000 | E76: 599496000 | F76: 0 | G76: 599496000 | H76: 593480000 | I76: 0 | J76: 593480000 | K76: 11283 | L76: Сурхондарё БХМ
... A105: 157A0748 | B105: 16048100 | C105: 0 | D105: 16048100 | E105: 1562498100 | F105: 0 | G105: 1562498100 | H105: 1546450000 | I105: 0 | J105: 1546450000 | K105: 11282 | L105: Самарқанд БХМ
A106: 15700005 | B106: 17455650 | C106: 0 | D106: 17455650 | E106: 1744085650 | F106: 0 | G106: 1744085650 | H106: 1726630000 | I106: 0 | J106: 1726630000 | K106: 11285 | L106: Фарғона БХМ
A107: 157A0AK4 | B107: 15124400 | C107: 0 | D107: 15124400 | E107: 1524364400 | F107: 0 | G107: 1524364400 | H107: 1509240000 | I107: 0 | J107: 1509240000 | K107: 11280 | L107: Навоий БХМ
A108: 157A0BZ6 | B108: 21016200 | C108: 0 | D108: 21016200 | E108: 2114386200 | F108: 0 | G108: 2114386200 | H108: 2093370000 | I108: 0 | J108: 2093370000 | K108: 10838 | L108: "Navbaxor" bank xizmatlari ofi
A109: 157A060I | B109: 3966350 | C109: 0 | D109: 3966350 | E109: 393616350 | F109: 0 | G109: 393616350 | H109: 389650000 | I109: 0 | J109: 389650000 | K109: 11284 | L109: Сирдарё БХМ

Sheet 2026 iyul vash
A1: TERM_ID | B1: SUM(DTL_VALUE) | C1: SUM(DTL_VALUE_DT) | D1: SUM(DTL_VALUE_KT) | E1: SUM(AMOUNT) | F1: SUM(AMOUNT_DT) | G1: SUM(AMOUNT_KT) | H1: CASH_AMOUNT | I1: CASH_AMOUNT_DT | J1: CASH_AMOUNT_KT | K1: SRV_DEP_CODE | L1: SRV_DEP_NAME
A2: TBATM041 | B2: 110 | C2: 0 | D2: 110 | E2: 11110 | F2: 0 | G2: 11110 | H2: 11000 | I2: 0 | J2: 11000 | K2: 11284 | L2: Сирдарё БХМ
A3: TBATM040 | B3: 59000 | C3: 0 | D3: 59000 | E3: 5959000 | F3: 0 | G3: 5959000 | H3: 5900000 | I3: 0 | J3: 5900000 | K3: 11284 | L3: Сирдарё БХМ
A4: TBATM064 | B4: 24610 | C4: 0 | D4: 24610 | E4: 2485610 | F4: 0 | G4: 2485610 | H4: 2461000 | I4: 0 | J4: 2461000 | K4: 10725 | L4: Toshkent shahar BXM
A5: TBATM027 | B5: 728110 | C5: 0 | D5: 728110 | E5: 73539110 | F5: 0 | G5: 73539110 | H5: 72811000 | I5: 0 | J5: 72811000 | K5: 11281 | L5: Наманган БХМ
A6: TBATM044 | B6: 160 | C6: 0 | D6: 160 | E6: 16160 | F6: 0 | G6: 16160 | H6: 16000 | I6: 0 | J6: 16000 | K6: 10718 | L6: "Parvoz" bank xizmatlari ofisi
A7: TBATM011 | B7: 10200 | C7: 0 | D7: 10200 | E7: 1030200 | F7: 0 | G7: 1030200 | H7: 1020000 | I7: 0 | J7: 1020000 | K7: 11279 | L7: Қарши БХМ
A8: TBATM007 | B8: 5000 | C8: 0 | D8: 5000 | E8: 505000 | F8: 0 | G8: 505000 | H8: 500000 | I8: 0 | J8: 500000 | K8: 11291 | L8: Зангиота БХМ
A9: TBATM024 | B9: 656510 | C9: 0 | D9: 656510 | E9: 66307510 | F9: 0 | G9: 66307510 | H9: 65651000 | I9: 0 | J9: 65651000 | K9: 11284 | L9: Сирдарё БХМ
A10: TBATM066 | B10: 51310 | C10: 0 | D10: 51310 | E10: 5182310 | F10: 0 | G10: 5182310 | H10: 5131000 | I10: 0 | J10: 5131000 | K10: 10706 | L10: "Mirobod" bank xizmatlari ofis
A11: TBATM001 | B11: 23700 | C11: 0 | D11: 23700 | E11: 2393700 | F11: 0 | G11: 2393700 | H11: 2370000 | I11: 0 | J11: 2370000 | K11: 10725 | L11: Toshkent shahar BXM

Sheet 2026 iyun vash
A1: TERM_ID | B1: SUM(DTL_VALUE) | C1: SUM(DTL_VALUE_DT) | D1: SUM(DTL_VALUE_KT) | E1: SUM(AMOUNT) | F1: SUM(AMOUNT_DT) | G1: SUM(AMOUNT_KT) | H1: CASH_AMOUNT | I1: CASH_AMOUNT_DT | J1: CASH_AMOUNT_KT | K1: SRV_DEP_CODE | L1: SRV_DEP_NAME
A2: TBATM040 | B2: 41000 | C2: 0 | D2: 41000 | E2: 4141000 | F2: 0 | G2: 4141000 | H2: 4100000 | I2: 0 | J2: 4100000 | K2: 11284 | L2: Сирдарё БХМ
A3: TBATM027 | B3: 262300 | C3: 0 | D3: 262300 | E3: 26492300 | F3: 0 | G3: 26492300 | H3: 26230000 | I3: 0 | J3: 26230000 | K3: 11281 | L3: Наманган БХМ
A4: TBATM044 | B4: 1500 | C4: 0 | D4: 1500 | E4: 151500 | F4: 0 | G4: 151500 | H4: 150000 | I4: 0 | J4: 150000 | K4: 10718 | L4: "Parvoz" bank xizmatlari ofisi
A5: TBATM060 | B5: 2500 | C5: 0 | D5: 2500 | E5: 252500 | F5: 0 | G5: 252500 | H5: 250000 | I5: 0 | J5: 250000 | K5: 10725 | L5: Toshkent shahar BXM
A6: TBATM011 | B6: 71700 | C6: 0 | D6: 71700 | E6: 7241700 | F6: 0 | G6: 7241700 | H6: 7170000 | I6: 0 | J6: 7170000 | K6: 11279 | L6: Қарши БХМ
A7: TBATM007 | B7: 76500 | C7: 0 | D7: 76500 | E7: 7726500 | F7: 0 | G7: 7726500 | H7: 7650000 | I7: 0 | J7: 7650000 | K7: 11291 | L7: Зангиота БХМ
A8: TBATM043 | B8: 27500 | C8: 0 | D8: 27500 | E8: 2777500 | F8: 0 | G8: 2777500 | H8: 2750000 | I8: 0 | J8: 2750000 | K8: 10725 | L8: Toshkent shahar BXM
A9: TBATM049 | B9: 3000 | C9: 0 | D9: 3000 | E9: 303000 | F9: 0 | G9: 303000 | H9: 300000 | I9: 0 | J9: 300000 | K9: 11287 | L9: Қорақалпоғистон БХМ
A10: TBATM024 | B10: 1275470 | C10: 0 | D10: 1275470 | E10: 128822470 | F10: 0 | G10: 128822470 | H10: 127547000 | I10: 0 | J10: 127547000 | K10: 11284 | L10: Сирдарё БХМ
A11: TBATM066 | B11: 3300 | C11: 0 | D11: 3300 | E11: 333300 | F11: 0 | G11: 333300 | H11: 330000 | I11: 0 | J11: 330000 | K11: 10706 | L11: "Mirobod" bank xizmatlari ofis
A12: TBATM001 | B12: 183820 | C12: 0 | D12: 183820 | E12: 38265820 | F12: 0 | G12: 38265820 | H12: 38082000 | I12: 0 | J12: 38082000 | K12: 10725 | L12: Toshkent shahar BXM

Sheet 2026 may vash
A1: TERM_ID | B1: SUM(DTL_VALUE) | C1: SUM(DTL_VALUE_DT) | D1: SUM(DTL_VALUE_KT) | E1: SUM(AMOUNT) | F1: SUM(AMOUNT_DT) | G1: SUM(AMOUNT_KT) | H1: CASH_AMOUNT | I1: CASH_AMOUNT_DT | J1: CASH_AMOUNT_KT | K1: SRV_DEP_CODE | L1: SRV_DEP_NAME
A2: TBATM040 | B2: 110 | C2: 0 | D2: 110 | E2: 11110 | F2: 0 | G2: 11110 | H2: 11000 | I2: 0 | J2: 11000 | K2: 11284 | L2: Сирдарё БХМ
A3: TBATM064 | B3: 16500 | C3: 0 | D3: 16500 | E3: 1666500 | F3: 0 | G3: 1666500 | H3: 1650000 | I3: 0 | J3: 1650000 | K3: 10725 | L3: Toshkent shahar BXM
A4: TBATM027 | B4: 120000 | C4: 0 | D4: 120000 | E4: 12120000 | F4: 0 | G4: 12120000 | H4: 12000000 | I4: 0 | J4: 12000000 | K4: 11281 | L4: Наманган БХМ
A5: TBATM044 | B5: 9180 | C5: 0 | D5: 9180 | E5: 927180 | F5: 0 | G5: 927180 | H5: 918000 | I5: 0 | J5: 918000 | K5: 10718 | L5: "Parvoz" bank xizmatlari ofisi
A6: TBATM060 | B6: 3000 | C6: 0 | D6: 3000 | E6: 303000 | F6: 0 | G6: 303000 | H6: 300000 | I6: 0 | J6: 300000 | K6: 10725 | L6: Toshkent shahar BXM
A7: TBATM011 | B7: 44650 | C7: 0 | D7: 44650 | E7: 4509650 | F7: 0 | G7: 4509650 | H7: 4465000 | I7: 0 | J7: 4465000 | K7: 11279 | L7: Қарши БХМ
A8: TBATM043 | B8: 2000 | C8: 0 | D8: 2000 | E8: 202000 | F8: 0 | G8: 202000 | H8: 200000 | I8: 0 | J8: 200000 | K8: 10725 | L8: Toshkent shahar BXM
A9: TBATM054 | B9: 10 | C9: 0 | D9: 10 | E9: 1010 | F9: 0 | G9: 1010 | H9: 1000 | I9: 0 | J9: 1000 | K9: 10725 | L9: Toshkent shahar BXM
A10: TBATM049 | B10: 11000 | C10: 0 | D10: 11000 | E10: 1111000 | F10: 0 | G10: 1111000 | H10: 1100000 | I10: 0 | J10: 1100000 | K10: 11287 | L10: Қорақалпоғистон БХМ
A11: TBATM024 | B11: 519000 | C11: 0 | D11: 519000 | E11: 52419000 | F11: 0 | G11: 52419000 | H11: 51900000 | I11: 0 | J11: 51900000 | K11: 11284 | L11: Сирдарё БХМ
A12: TBATM066 | B12: 23370 | C12: 0 | D12: 23370 | E12: 2360370 | F12: 0 | G12: 2360370 | H12: 2337000 | I12: 0 | J12: 2337000 | K12: 10706 | L12: "Mirobod" bank xizmatlari ofis
A13: TBATM062 | B13: 56600 | C13: 0 | D13: 56600 | E13: 5716600 | F13: 0 | G13: 5716600 | H13: 5660000 | I13: 0 | J13: 5660000 | K13: 10696 | L13: "Shayxontoxur" bank xizmatlari
... A15: TBATM056 | B15: 220800 | C15: 0 | D15: 220800 | E15: 22300800 | F15: 0 | G15: 22300800 | H15: 22080000 | I15: 0 | J15: 22080000 | K15: 11287 | L15: Қорақалпоғистон БХМ

Sheet 2026 aprel vash
A1: TERM_ID | B1: SUM(DTL_VALUE) | C1: SUM(DTL_VALUE_DT) | D1: SUM(DTL_VALUE_KT) | E1: SUM(AMOUNT) | F1: SUM(AMOUNT_DT) | G1: SUM(AMOUNT_KT) | H1: CASH_AMOUNT | I1: CASH_AMOUNT_DT | J1: CASH_AMOUNT_KT | K1: SRV_DEP_CODE | L1: SRV_DEP_NAME
A2: TBATM035 | B2: 13950 | C2: 0 | D2: 13950 | E2: 1408950 | F2: 0 | G2: 1408950 | H2: 1395000 | I2: 0 | J2: 1395000 | K2: 11279 | L2: Қарши БХМ
A3: TBATM041 | B3: 137300 | C3: 0 | D3: 137300 | E3: 13867300 | F3: 0 | G3: 13867300 | H3: 13730000 | I3: 0 | J3: 13730000 | K3: 11284 | L3: Сирдарё БХМ
A4: TBATM064 | B4: 8150 | C4: 0 | D4: 8150 | E4: 823150 | F4: 0 | G4: 823150 | H4: 815000 | I4: 0 | J4: 815000 | K4: 10725 | L4: Toshkent shahar BXM
A5: TBATM027 | B5: 164550 | C5: 0 | D5: 164550 | E5: 16619550 | F5: 0 | G5: 16619550 | H5: 16455000 | I5: 0 | J5: 16455000 | K5: 11281 | L5: Наманган БХМ
A6: TBATM002 | B6: 1950 | C6: 0 | D6: 1950 | E6: 196950 | F6: 0 | G6: 196950 | H6: 195000 | I6: 0 | J6: 195000 | K6: 10706 | L6: "Mirobod" bank xizmatlari ofis
A7: TBATM011 | B7: 37750 | C7: 0 | D7: 37750 | E7: 3812750 | F7: 0 | G7: 3812750 | H7: 3775000 | I7: 0 | J7: 3775000 | K7: 11279 | L7: Қарши БХМ
A8: TBATM007 | B8: 1000 | C8: 0 | D8: 1000 | E8: 101000 | F8: 0 | G8: 101000 | H8: 100000 | I8: 0 | J8: 100000 | K8: 11291 | L8: Зангиота БХМ
A9: TBATM043 | B9: 1150 | C9: 0 | D9: 1150 | E9: 116150 | F9: 0 | G9: 116150 | H9: 115000 | I9: 0 | J9: 115000 | K9: 10725 | L9: Toshkent shahar BXM
A10: TBATM054 | B10: 900 | C10: 0 | D10: 900 | E10: 90900 | F10: 0 | G10: 90900 | H10: 90000 | I10: 0 | J10: 90000 | K10: 10725 | L10: Toshkent shahar BXM
A11: TBATM049 | B11: 11570 | C11: 0 | D11: 11570 | E11: 1168570 | F11: 0 | G11: 1168570 | H11: 1157000 | I11: 0 | J11: 1157000 | K11: 11287 | L11: Қорақалпоғистон БХМ
A12: TBATM024 | B12: 749850 | C12: 0 | D12: 749850 | E12: 75734850 | F12: 0 | G12: 75734850 | H12: 74985000 | I12: 0 | J12: 74985000 | K12: 11284 | L12: Сирдарё БХМ
A13: TBATM048 | B13: 600 | C13: 0 | D13: 600 | E13: 60600 | F13: 0 | G13: 60600 | H13: 60000 | I13: 0 | J13: 60000 | K13: 11285 | L13: Фарғона БХМ
... A18: TBATM056 | B18: 53690 | C18: 0 | D18: 53690 | E18: 5422690 | F18: 0 | G18: 5422690 | H18: 5369000 | I18: 0 | J18: 5369000 | K18: 11287 | L18: Қорақалпоғистон БХМ

Sheet 2026 mart vash
A1: TERM_ID | B1: SUM(DTL_VALUE) | C1: SUM(DTL_VALUE_DT) | D1: SUM(DTL_VALUE_KT) | E1: SUM(AMOUNT) | F1: SUM(AMOUNT_DT) | G1: SUM(AMOUNT_KT) | H1: CASH_AMOUNT | I1: CASH_AMOUNT_DT | J1: CASH_AMOUNT_KT | K1: SRV_DEP_CODE | L1: SRV_DEP_NAME
A2: TBATM035 | B2: 11980 | C2: 0 | D2: 11980 | E2: 1209980 | F2: 0 | G2: 1209980 | H2: 1198000 | I2: 0 | J2: 1198000 | K2: 11279 | L2: Қарши БХМ
A3: TBATM061 | B3: 201850 | C3: 0 | D3: 201850 | E3: 37346850 | F3: 0 | G3: 37346850 | H3: 37145000 | I3: 0 | J3: 37145000 | K3: 10696 | L3: "Shayxontoxur" bank xizmatlari
A4: TBATM041 | B4: 353700 | C4: 0 | D4: 353700 | E4: 35723700 | F4: 0 | G4: 35723700 | H4: 35370000 | I4: 0 | J4: 35370000 | K4: 11284 | L4: Сирдарё БХМ
A5: TBATM040 | B5: 100 | C5: 0 | D5: 100 | E5: 10100 | F5: 0 | G5: 10100 | H5: 10000 | I5: 0 | J5: 10000 | K5: 11284 | L5: Сирдарё БХМ
A6: TBATM064 | B6: 8550 | C6: 0 | D6: 8550 | E6: 863550 | F6: 0 | G6: 863550 | H6: 855000 | I6: 0 | J6: 855000 | K6: 10725 | L6: Toshkent shahar BXM
A7: TBATM027 | B7: 607800 | C7: 0 | D7: 607800 | E7: 61387800 | F7: 0 | G7: 61387800 | H7: 60780000 | I7: 0 | J7: 60780000 | K7: 11281 | L7: Наманган БХМ
A8: TBATM002 | B8: 5990 | C8: 0 | D8: 5990 | E8: 3004990 | F8: 0 | G8: 3004990 | H8: 2999000 | I8: 0 | J8: 2999000 | K8: 10706 | L8: "Mirobod" bank xizmatlari ofis
A9: TBATM011 | B9: 53350 | C9: 0 | D9: 53350 | E9: 5388350 | F9: 0 | G9: 5388350 | H9: 5335000 | I9: 0 | J9: 5335000 | K9: 11279 | L9: Қарши БХМ
A10: TBATM057 | B10: 200 | C10: 0 | D10: 200 | E10: 20200 | F10: 0 | G10: 20200 | H10: 20000 | I10: 0 | J10: 20000 | K10: 11291 | L10: Зангиота БХМ
A11: TBATM007 | B11: 214200 | C11: 0 | D11: 214200 | E11: 21634200 | F11: 0 | G11: 21634200 | H11: 21420000 | I11: 0 | J11: 21420000 | K11: 11291 | L11: Зангиота БХМ
A12: TBATM043 | B12: 125100 | C12: 0 | D12: 125100 | E12: 12635100 | F12: 0 | G12: 12635100 | H12: 12510000 | I12: 0 | J12: 12510000 | K12: 10725 | L12: Toshkent shahar BXM
A13: TBATM024 | B13: 1044000 | C13: 0 | D13: 1044000 | E13: 105444000 | F13: 0 | G13: 105444000 | H13: 104400000 | I13: 0 | J13: 104400000 | K13: 11284 | L13: Сирдарё БХМ
... A19: TBATM056 | B19: 101550 | C19: 0 | D19: 101550 | E19: 10256550 | F19: 0 | G19: 10256550 | H19: 10155000 | I19: 0 | J19: 10155000 | K19: 11287 | L19: Қорақалпоғистон БХМ

Sheet 2026 fevral vash
A1: TERM_ID | B1: SUM(DTL_VALUE) | C1: SUM(DTL_VALUE_DT) | D1: SUM(DTL_VALUE_KT) | E1: SUM(AMOUNT) | F1: SUM(AMOUNT_DT) | G1: SUM(AMOUNT_KT) | H1: CASH_AMOUNT | I1: CASH_AMOUNT_DT | J1: CASH_AMOUNT_KT | K1: SRV_DEP_CODE | L1: SRV_DEP_NAME
A2: TBATM035 | B2: 10 | C2: 0 | D2: 10 | E2: 1010 | F2: 0 | G2: 1010 | H2: 1000 | I2: 0 | J2: 1000 | K2: 11279 | L2: Қарши БХМ
A3: TBATM061 | B3: 115420 | C3: 0 | D3: 115420 | E3: 15657420 | F3: 0 | G3: 15657420 | H3: 15542000 | I3: 0 | J3: 15542000 | K3: 10696 | L3: "Shayxontoxur" bank xizmatlari
A4: TBATM041 | B4: 236200 | C4: 0 | D4: 236200 | E4: 23856200 | F4: 0 | G4: 23856200 | H4: 23620000 | I4: 0 | J4: 23620000 | K4: 11284 | L4: Сирдарё БХМ
A5: TBATM040 | B5: 6000 | C5: 0 | D5: 6000 | E5: 606000 | F5: 0 | G5: 606000 | H5: 600000 | I5: 0 | J5: 600000 | K5: 11284 | L5: Сирдарё БХМ
A6: TBATM064 | B6: 10110 | C6: 0 | D6: 10110 | E6: 2221110 | F6: 0 | G6: 2221110 | H6: 2211000 | I6: 0 | J6: 2211000 | K6: 10725 | L6: Toshkent shahar BXM
A7: TBATM027 | B7: 1109020 | C7: 0 | D7: 1109020 | E7: 112011020 | F7: 0 | G7: 112011020 | H7: 110902000 | I7: 0 | J7: 110902000 | K7: 11281 | L7: Наманган БХМ
A8: TBATM002 | B8: 5240 | C8: 0 | D8: 5240 | E8: 529240 | F8: 0 | G8: 529240 | H8: 524000 | I8: 0 | J8: 524000 | K8: 10706 | L8: "Mirobod" bank xizmatlari ofis
A9: TBATM011 | B9: 200310 | C9: 0 | D9: 200310 | E9: 20231310 | F9: 0 | G9: 20231310 | H9: 20031000 | I9: 0 | J9: 20031000 | K9: 11279 | L9: Қарши БХМ
A10: TBATM043 | B10: 40610 | C10: 0 | D10: 40610 | E10: 4101610 | F10: 0 | G10: 4101610 | H10: 4061000 | I10: 0 | J10: 4061000 | K10: 10725 | L10: Toshkent shahar BXM
A11: TBATM054 | B11: 1000 | C11: 0 | D11: 1000 | E11: 101000 | F11: 0 | G11: 101000 | H11: 100000 | I11: 0 | J11: 100000 | K11: 10725 | L11: Toshkent shahar BXM
A12: TBATM024 | B12: 1293600 | C12: 0 | D12: 1293600 | E12: 130653600 | F12: 0 | G12: 130653600 | H12: 129360000 | I12: 0 | J12: 129360000 | K12: 11284 | L12: Сирдарё БХМ
A13: TBATM048 | B13: 20160 | C13: 0 | D13: 20160 | E13: 2036160 | F13: 0 | G13: 2036160 | H13: 2016000 | I13: 0 | J13: 2016000 | K13: 11285 | L13: Фарғона БХМ
... A18: TBATM056 | B18: 18940 | C18: 0 | D18: 18940 | E18: 1912940 | F18: 0 | G18: 1912940 | H18: 1894000 | I18: 0 | J18: 1894000 | K18: 11287 | L18: Қорақалпоғистон БХМ

Sheet 2026 yanvar vash
A1: TERM_ID | B1: SUM(DTL_VALUE) | C1: SUM(DTL_VALUE_DT) | D1: SUM(DTL_VALUE_KT) | E1: SUM(AMOUNT) | F1: SUM(AMOUNT_DT) | G1: SUM(AMOUNT_KT) | H1: CASH_AMOUNT | I1: CASH_AMOUNT_DT | J1: CASH_AMOUNT_KT | K1: SRV_DEP_CODE | L1: SRV_DEP_NAME
A2: TBATM035 | B2: 100 | C2: 0 | D2: 100 | E2: 10100 | F2: 0 | G2: 10100 | H2: 10000 | I2: 0 | J2: 10000 | K2: 11279 | L2: Қарши БХМ
A3: TBATM061 | B3: 236300 | C3: 0 | D3: 236300 | E3: 23866300 | F3: 0 | G3: 23866300 | H3: 23630000 | I3: 0 | J3: 23630000 | K3: 10696 | L3: "Shayxontoxur" bank xizmatlari
A4: TBATM041 | B4: 1051910 | C4: 0 | D4: 1051910 | E4: 106242910 | F4: 0 | G4: 106242910 | H4: 105191000 | I4: 0 | J4: 105191000 | K4: 11284 | L4: Сирдарё БХМ
A5: TBATM040 | B5: 101650 | C5: 0 | D5: 101650 | E5: 10266650 | F5: 0 | G5: 10266650 | H5: 10165000 | I5: 0 | J5: 10165000 | K5: 11284 | L5: Сирдарё БХМ
A6: TBATM027 | B6: 345410 | C6: 0 | D6: 345410 | E6: 34886410 | F6: 0 | G6: 34886410 | H6: 34541000 | I6: 0 | J6: 34541000 | K6: 11281 | L6: Наманган БХМ
A7: TBATM002 | B7: 140 | C7: 0 | D7: 140 | E7: 14140 | F7: 0 | G7: 14140 | H7: 14000 | I7: 0 | J7: 14000 | K7: 10706 | L7: "Mirobod" bank xizmatlari ofis
A8: TBATM011 | B8: 77000 | C8: 0 | D8: 77000 | E8: 7777000 | F8: 0 | G8: 7777000 | H8: 7700000 | I8: 0 | J8: 7700000 | K8: 11279 | L8: Қарши БХМ
A9: TBATM007 | B9: 23000 | C9: 0 | D9: 23000 | E9: 2323000 | F9: 0 | G9: 2323000 | H9: 2300000 | I9: 0 | J9: 2300000 | K9: 11291 | L9: Зангиота БХМ
A10: TBATM043 | B10: 9000 | C10: 0 | D10: 9000 | E10: 909000 | F10: 0 | G10: 909000 | H10: 900000 | I10: 0 | J10: 900000 | K10: 10725 | L10: Toshkent shahar BXM
A11: TBATM054 | B11: 8000 | C11: 0 | D11: 8000 | E11: 808000 | F11: 0 | G11: 808000 | H11: 800000 | I11: 0 | J11: 800000 | K11: 10725 | L11: Toshkent shahar BXM
A12: TBATM049 | B12: 42320 | C12: 0 | D12: 42320 | E12: 4274320 | F12: 0 | G12: 4274320 | H12: 4232000 | I12: 0 | J12: 4232000 | K12: 11287 | L12: Қорақалпоғистон БХМ
A13: TBATM024 | B13: 530100 | C13: 0 | D13: 530100 | E13: 53540100 | F13: 0 | G13: 53540100 | H13: 53010000 | I13: 0 | J13: 53010000 | K13: 11284 | L13: Сирдарё БХМ
... A19: TBATM056 | B19: 9660 | C19: 0 | D19: 9660 | E19: 975660 | F19: 0 | G19: 975660 | H19: 966000 | I19: 0 | J19: 966000 | K19: 11287 | L19: Қорақалпоғистон БХМ
